ensembl_gene_id	uniprotswissprot	score_mode
YMR172W	Q03213	0.98527527
YBR225W	P38321	0.979989
YOL144W	Q08287	0.98460174
YCR031C	P06367	0.96416646
YER011W	P10863	0.9842784
YLR437C	O13577	0.9767145
YCL011C	P25555	0.984485
YCR052W	P25632	0.93804204
YMR091C	P32832	0.9841846
YHL002W	P38753	0.98001677
YPL217C	Q08965	0.98429227
YDL189W	Q05672	0.9837337
YNL097C	P50947	0.9847107
YDR508C	P48813	0.9812226
YGR251W	P53317	0.9658991
YKR092C	P32583	0.9896713
YDR186C	Q04007	0.98285174
YKL002W	P36108	0.9777063
YGR162W	P39935	0.9845248
YPL009C	Q12532	0.98552996
YLR025W	P39929	0.9841684
YGR005C	P41896	0.97038984
YHR084W	P13574	0.98264635
YPR065W	P25042	0.9616444
YBR182C	P38128	0.95713305
YNL152W	P53901	0.9845092
YIL117C	P40476	0.9797362
YER159C	P40096	0.9678546
YDR439W	Q04087	0.9825214
YJL110C	P42944	0.95184374
YCL024W	P25389	0.9791577
YNL180C	P53879	0.9848263
YLR327C	Q06177	0.9781178
YIL107C	P40433	0.98046994
YER084W	P40057	0.9600034
YKL139W	Q03957	0.9839875
YNL091W	P53935	0.9917296
YNL157W	P53897	0.9647528
YLR455W	Q06188	0.98289865
YJL020C	P47068	0.98462063
YKL180W	P05740	0.8422209
YDR299W	Q06631	0.9847218
YHR206W	P38889	0.9832403
YDL181W	P01097	0.95389485
YHR097C	P38809	0.9932518
YGR142W	P53286	0.98412716
YML101C	Q04201	0.9736272
YNR052C	P39008	0.9823546
YGR186W	P41895	0.9847789
YNL061W	P40991	0.9840051
YKL143W	P34078	0.96146333
YDR085C	P33304	0.8268951
YIL045W	P40187	0.9741913
YGR082W	P35180	0.840435
YPR156C	Q06451	0.98144054
YDL139C	Q12334	0.96672165
YKL062W	P33749	0.9515401
YHR184W	P38871	0.9821812
YPR119W	P24869	0.9790221
YFR017C	P43598	0.9885764
YDR200C	Q03944	0.98559976
YJR053W	P47113	0.9679569
YGR167W	P17891	0.9812396
YLR181C	Q06263	0.98289573
YBR247C	P38333	0.97759587
YOR023C	Q12433	0.98089886
YDR469W	Q03323	0.97790504
YPL192C	Q08931	0.95051205
YBL086C	P38177	0.98344874
YGR156W	P39927	0.97980106
YKL172W	P36049	0.98819053
YOR181W	Q12446	0.9849194
YDL123W	Q07549	0.9806069
YIR018W	P40574	0.9760488
YJR012C	P47087	0.9844286
YMR224C	P32829	0.98145914
YGR041W	P53226	0.9844714
YGL079W	P53158	0.93463326
YDR505C	P50896	0.98419607
YIL161W	P40449	0.98460793
YEL032W	P24279	0.98333883
YKR099W	P22035	0.9850644
YPR161C	P23293	0.9846276
YMR240C	Q02554	0.98007953
YNL039W	P46678	0.9848404
YIL119C	P23250	0.94123346
YDR266C	Q05580	0.9790307
YGR086C	P53252	0.9846615
YKR058W	P36143	0.98460466
YDR002W	P41920	0.9834999
YDR130C	Q03898	0.9278847
YLR390W-A	O13547	0.9841587
YGL098W	P53146	0.8741421
YML114C	Q03750	0.9808008
YDR034W-B	Q6Q5X2	0.8878372
YGL096W	P53147	0.9806402
YCL042W	P25572	0.961672
YDR060W	Q12176	0.98435557
YPR171W	Q06604	0.98954815
YDR363W	Q06340	0.9830441
YPL137C	Q03016	0.98349863
YDR422C	P32578	0.9804041
YDR119W	Q04602	0.98017985
YML129C	P39103	0.86878693
YPL014W	Q02606	0.9236117
YHR143W	P38844	0.94386685
YEL036C	P32629	0.9847368
YNL263C	P53845	0.97488624
YNL059C	P53946	0.9642823
YOR092W	Q99252	0.9827932
YLR403W	P32432	0.9873544
YBR014C	P38068	0.90596735
YMR048W	Q04659	0.8857655
YGL082W	P53155	0.9837359
YML030W	Q03713	0.952608
YKR048C	P25293	0.9808179
YLR264W	P0C0X0	0.8186696
YPR072W	Q12514	0.9829551
YKL096W-A	P43497	0.824151
YGR161C	P53289	0.9817016
YBR060C	P32833	0.98421097
YFR036W	P14724	0.9649066
YLR079W	P38634	0.9949723
YLR228C	Q05958	0.94842887
YBR212W	P32831	0.9808337
YOR052C	Q08422	0.9386401
YDR239C	Q03780	0.9817655
YBR071W	P38243	0.9770751
YMR260C	P38912	0.97104794
YLR429W	Q06440	0.98481977
YKR045C	P36138	0.99130225
YKR072C	P36024	0.984499
YDR458C	Q03281	0.984537
YOL039W	P05319	0.93042547
YKL074C	P36084	0.9844185
YBR270C	P38346	0.98246694
YKL087C	Q00873	0.9779712
YIR004W	P40564	0.98419774
YGR159C	P27476	0.9903048
YDR113C	P40316	0.9711268
YAL025C	P10962	0.9846755
YOR106W	Q12241	0.97678196
YER161C	P06843	0.9957463
YBR197C	P38306	0.99236536
YML113W	P13483	0.99480337
YGR130C	P53278	0.9861796
YKL112W	P14164	0.9847417
YIL136W	P16547	0.9897095
YER027C	Q04739	0.98349166
YPL004C	Q12230	0.98165846
YKR102W	P36170	0.98379046
YMR136W	P40209	0.9781215
YNR051C	P53741	0.98456645
YGR097W	P48361	0.980904
YGL170C	P45819	0.9814025
YFL034W	P43564	0.9825306
YGL166W	P15315	0.8996957
YDR077W	Q01589	0.98535764
YJR002W	P47083	0.9831914
YHR039C-A	P48836	0.89961326
YNL190W	P53872	0.9844622
YOR216C	Q12234	0.9826784
YNL194C	P40169	0.97704226
YIR001C	P40561	0.98323095
YER002W	P40007	0.984022
YNL080C	P53938	0.9778556
YOR009W	Q12218	0.9834894
YOR204W	P06634	0.9826814
YFL024C	P43572	0.9760002
YHL025W	P18888	0.9750345
YGR038W	P53224	0.95940804
YGR008C	P16965	0.98629946
YJR045C	P0CS90	0.979419
YNL199C	Q01722	0.984293
YJL176C	P32591	0.9843788
YHR016C	P32793	0.9843847
YFL013C	P43579	0.9844343
YKL198C	P36002	0.9826827
YCL028W	P25367	0.9944835
YER035W	P40023	0.9881352
YAL014C	P31377	0.9772259
YJL159W	P32478	0.9810082
YIR019C	P08640	0.98493207
YDR466W	Q03306	0.98463273
YLL008W	P32892	0.98579407
YLR449W	Q06205	0.9851171
YNL224C	P53866	0.9800714
YKR007W	Q02205	0.98375106
YOL073C	Q08232	0.9794264
YOR227W	Q12276	0.98340297
YCL029C	P11709	0.98332
YBR059C	P38080	0.98420155
YOR372C	Q08887	0.98151755
YGL025C	P40356	0.98414147
YLR190W	Q06324	0.9573419
YHR088W	P38805	0.969398
YKR025W	P36121	0.9835518
YBL002W	P02294	0.9714741
YDR365C	Q06344	0.9840733
YNL206C	P40161	0.984539
YGL113W	P53135	0.97995627
YDL233W	Q07684	0.97738636
YLR135W	Q12098	0.9720137
YKL124W	P32343	0.98434734
YMR294W	P36224	0.9372549
YIL011W	P40552	0.98448646
YER123W	P39962	0.98165405
YKR095W	Q02455	0.98480606
YBR214W	P38314	0.98007846
YPL263C	Q08979	0.9810636
YER116C	P40072	0.9853925
YCL037C	P25567	0.98503816
YOR119C	Q12196	0.9835179
YGL222C	P53080	0.99321616
YKL041W	P36095	0.98363566
YLR030W	Q07967	0.9262741
YOR008C	P54867	0.98216784
YFL050C	P43553	0.9500394
YHR135C	P23291	0.98449373
YGR152C	P13856	0.98378754
YKL063C	P35725	0.92369485
YPR124W	P49573	0.9831805
YOR140W	P20134	0.98254025
YJR060W	P17106	0.9878575
YOR004W	Q12339	0.9838622
YOR308C	Q12420	0.9813169
YJR092W	P47136	0.982051
YJL051W	P47046	0.94298184
YOR032C	Q12398	0.97563183
YNL116W	P53924	0.9829996
YLR427W	Q06436	0.9845454
YPR174C	Q06616	0.977268
YDR253C	Q12041	0.9572652
YGR237C	P50089	0.98348415
YNL309W	P42845	0.994864
YLR150W	P39015	0.9982004
YLL021W	P23201	0.98446625
YGL153W	P53112	0.98043454
YJL084C	P47029	0.98457825
YDR528W	Q04429	0.95134145
YHR146W	P38845	0.98462844
YHR195W	P38881	0.98394835
YMR161W	P48353	0.9662794
YNL058C	P53947	0.93475133
YER047C	P39955	0.98471606
YDL065C	Q07418	0.9568924
YLR078C	P25385	0.96089804
YMR183C	P39926	0.87275517
YOL019W	Q08157	0.984069
YHR119W	P38827	0.984264
YOL138C	Q08281	0.9533708
YER132C	P32634	0.9828397
YML074C	P38911	0.98526156
YPL155C	P28743	0.9809886
YLR096W	P13186	0.9835608
YLR271W	Q06152	0.9847941
YPL127C	P53551	0.9732522
YEL007W	P40002	0.9803153
YKR013W	P36110	0.9838622
YBL007C	P32790	0.9847745
YDR083W	P38961	0.98388803
YMR111C	Q04461	0.9846039
YLR278C	Q05854	0.983687
YJL146W	P46958	0.9810694
YOR194C	P32773	0.97991896
YKL214C	P36036	0.9854337
YIL106W	P40484	0.98301566
YBL093C	P25046	0.982342
YDR169C	Q12427	0.984787
YNL007C	P25294	0.985016
YOR298C-A	O14467	0.9926878
YLR323C	P53769	0.9715779
YOR014W	P38903	0.9845997
YDR432W	Q01560	0.98506784
YNR039C	P53735	0.9811995
YBL054W	P34219	0.8834554
YPR088C	P20424	0.98480356
YDL012C	Q12489	0.991821
YDR482C	Q03375	0.99276470000000006
YDL070W	Q07442	0.969273
YER040W	P18494	0.9828962
YGR126W	P53274	0.9866302
YGL014W	P25339	0.98420024
YMR031C	Q05050	0.9822097
YMR016C	P53438	0.9847967
YIL169C	P40442	0.9834715
YGL174W	P46947	0.9466512
YDL031W	Q12389	0.97728825
YMR201C	P28519	0.9422104
YPL223C	Q08969	0.9981711
YDR326C	Q06681	0.9823097
YCR066W	P10862	0.9837944
YGR270W	P40340	0.9845696
YLR191W	P80667	0.9839357
YKL207W	P36039	0.9332886
YIL004C	P22804	0.90320086
YER149C	P40091	0.98147154
YFR034C	P07270	0.98721886
YPR129W	P45978	0.98505247
YJL079C	P47032	0.96934855
YDR028C	Q00816	0.98551714
YPL166W	Q12092	0.9431992
YNL195C	P40168	0.9926964
YBL027W	P0CX82	0.9365089
YBL027W	P0CX83	0.9365089
YER111C	P25302	0.9811878
YIR033W	P40578	0.9772763
YLR131C	P21192	0.97915924
YDL115C	Q07532	0.83156824
YIL105C	P40485	0.98307365
YER018C	P40014	0.9746493
YLR256W	P0CE41	0.98349625
YOR373W	P32336	0.98217833
YHR131C	P38835	0.98374605
YLR068W	Q12247	0.99095905
YKL117W	P28707	0.98184824
YPR115W	Q06108	0.9764466
YOR163W	Q99321	0.81612027
YDL149W	Q12142	0.9830816
YMR142C	P40212	0.93402827
YOL036W	Q08206	0.98340344
YMR077C	Q04272	0.9743309
YNL192W	P08004	0.98211527
YDL213C	Q07623	0.98787606
YNL149C	P53903	0.9382491
YDR096W	Q03833	0.9781618
YKL038W	P32862	0.9846047
YOR070C	Q08484	0.9824114
YLR176C	P48743	0.98339474
YNL308C	P42846	0.9873714
YJL104W	P42949	0.9668204
YAL063C	P39712	0.982529
YPL255W	Q12365	0.96997553
YER030W	P40019	0.99924207
YOR098C	P20676	0.98897886
YDR003W	Q03446	0.9777452
YLR357W	Q06488	0.98340464
YHR161C	P38856	0.98493993
YPR112C	Q06106	0.9827443
YLR187W	Q06315	0.9836179
YJR093C	P45976	0.98451775
YPL186C	Q08926	0.98644364
YCR021C	P25619	0.976941
YPR148C	Q06523	0.9846832
YGR081C	P53251	0.8765756
YGR148C	P24000	0.9763731
YJR021C	P21651	0.98220587
YPR143W	Q06511	0.98611486
YBR217W	P38316	0.97080827
YMR086W	Q04279	0.9975834
YDL082W	Q12690	0.9342618
YLR065C	Q99382	0.9812456
YOR113W	P41696	0.9845829
YFL014W	P22943	0.99599504
YNL050C	P53952	0.9799689
YDR277C	P35198	0.9792398
YMR044W	Q04213	0.9846648
YOR273C	Q12256	0.9826725
YDR475C	Q03361	0.98376584
YDR244W	P35056	0.9815725
YDR382W	P02400	0.9666014
YGL003C	P53197	0.9810797
YOR338W	Q99326	0.96689683
YDL058W	P25386	0.9805328
YOR188W	P21339	0.9842527
YBR081C	P35177	0.9845934
YFR032C-A	P05747	0.8888252
YNL167C	Q02100	0.9824199
YLR026C	Q01590	0.9836103
YDR310C	P46676	0.9841993
YOR382W	Q08906	0.96826303
YER029C	P40018	0.9838914
YOR069W	Q92331	0.9813882
YBR007C	P38213	0.98178124
YKL122C	P32342	0.97734135
YDR201W	Q03954	0.9393972
YIL084C	P40505	0.9848112
YHL009C	P38749	0.97611487
YMR036C	P23748	0.98242825
YNL054W	P53950	0.98427165
YNR006W	P40343	0.98490965
YGL058W	P06104	0.9733544
YDR163W	Q03772	0.9928843
YBL028C	P38202	0.9361084
YKR100C	P36169	0.9490683
YLL066W-B	Q8TGJ7	0.9019862
YIR003W	P40563	0.99759096
YAR050W	P32768	0.98153365
YOR239W	Q08641	0.9845896
YNL188W	P11927	0.9484751
YKR083C	P36162	0.980302
YLR114C	Q12500	0.98497665
YDR123C	P26798	0.9832821
YER118C	P40073	0.9791456
YGR103W	P53261	0.98480797
YBR057C	P38236	0.97788924
YBR086C	P38250	0.986548
YDR485C	Q03388	0.98495984
YIL022W	Q01852	0.9417242
YHL034C	P10080	0.97811097
YFL054C	P43549	0.98133206
YAR002W	P39705	0.98485005
YDL204W	Q12443	0.98342466
YNL272C	P17065	0.98416305
YNL245C	P53854	0.97793007
YBL103C	P38165	0.9821577
YPL089C	Q12224	0.98410726
YLL043W	P23900	0.9848809
YJR082C	P47128	0.91602504
YER020W	P10823	0.9843602
YOR104W	Q12057	0.9845964
YLR337C	P37370	0.99014306
YLR457C	P52919	0.94369924
YER125W	P39940	0.98442405
YER122C	P38682	0.978136
YLR319C	P41697	0.98384726
YIL031W	P40537	0.99414116
YOR220W	Q12044	0.96319866
YLR407W	Q06070	0.9599258
YLR336C	Q06132	0.9834305
YKL163W	Q03180	0.9797518
YMR216C	Q03656	0.97827166
YMR159C	Q03818	0.80948335
YLR324W	Q06169	0.9819956
YFR024C-A	P43603	0.98313266
YBR231C	P38326	0.9881372
YLR125W	Q12138	0.9673933
YNL133C	P53913	0.9723506
YLR363W-A	Q3E747	0.9503066
YBL066C	P34228	0.9773312
YML058W	Q04964	0.92481107
YHR132W-A	Q9P305	0.9723722
YMR148W	P40219	0.8442408
YEL033W	P32633	0.95735955
YHR090C	P38806	0.9826534
YIL127C	P40470	0.9756189
YGL073W	P10961	0.9836589
YOL155C	Q05164	0.9849429
YDR436W	P33329	0.9844145
YPL180W	Q08921	0.98597693
YDR208W	P38994	0.9836471
YIL079C	P40507	0.9826497
YKR035W-A	P69771	0.84771264
YFL033C	P43565	0.9831817
YHR006W	P38704	0.9772432
YAL039C	P06182	0.97932553
YFL021W	P43574	0.983485
YKL099C	P34247	0.8912955
YNL124W	P53919	0.9848787
YMR213W	Q03654	0.9894991
YMR192W	Q04322	0.9821849
YOR359W	Q08831	0.98113805
YDR176W	P32494	0.9844972
YDL099W	Q12191	0.99340427
YDL110C	Q12513	0.93633485
YDR148C	P19262	0.9850217
YNL251C	P53617	0.9839563
YJL184W	P46984	0.9801961
YPR083W	Q06820	0.964273
YMR014W	Q04347	0.984787
YDR515W	Q12034	0.9829749
YKL179C	P34237	0.9779598
YAL011W	P31376	0.9841683
YLR219W	Q05812	0.9902624
YGR285C	P32527	0.98011565
YML098W	P11747	0.9841358
YMR133W	P32841	0.9798423
YNR049C	P53604	0.9908705
YHR080C	P38800	0.98390764
YDR473C	Q03338	0.9687579
YER103W	P22202	0.97820663
YDR409W	Q04195	0.9847765
YIL115C	P40477	0.98460835
YBL046W	P38193	0.98502177
YBR215W	Q01448	0.98542523
YOR007C	Q12118	0.9833161
YDR389W	P17121	0.9835506
YKL049C	P36012	0.97975886
YDL113C	Q07528	0.982316
YDR086C	P35179	0.80963707
YJL095W	Q01389	0.9829105
YKL088W	P36076	0.9848924
YHL027W	P33400	0.9786812
YPL181W	Q08923	0.9853724
YNL118C	P53550	0.98414564
YGR196C	P46949	0.9873097
YCR051W	P25631	0.9805312
YGL197W	P53094	0.98363817
YER120W	P40075	0.98255605
YMR227C	Q05021	0.9856206
YGR136W	P53281	0.98514307
YER033C	P40021	0.9874552
YBL047C	P34216	0.98389685
YMR255W	Q04839	0.9890685
YJL107C	P42947	0.9835447
YKR019C	P36115	0.98287076
YNL314W	P21705	0.9790256
YNL227C	P53863	0.98155546
YER054C	P40036	0.9796457
YBR062C	P38239	0.96544504
YDL184C	P0CX86	0.9170537
YDL184C	P0CX87	0.9170537
YOR010C	P33890	0.98279786
YDR153C	Q03769	0.98330325
YPL070W	Q02866	0.973961
YGL254W	P32805	0.8340641
YPR159W	P32486	0.9820914
YMR317W	Q04893	0.98523533
YNL004W	P38922	0.9848684
YGR023W	P53214	0.88872504
YNR023W	P53628	0.9778984
YDR014W-A	Q03937	0.9745254
YGL035C	P27705	0.9856466
YGR009C	P40357	0.9932274
YHL020C	P21957	0.9805751
YDL002C	Q03435	0.97717917
YOR020W-A	Q3E824	0.8782865
YER164W	P32657	0.98505205
YNL233W	P53858	0.9825174
YDR224C	P02293	0.9750716
YDL039C	Q12459	0.9834616
YDL225W	Q07657	0.9812763
YNL076W	P34072	0.98340106
YML041C	Q03433	0.9458431
YDR259C	Q03935	0.9829036
YNL293W	P48566	0.9809688
YCR088W	P15891	0.9848704
YNL098C	P01120	0.98460627
YML095C	P06838	0.9714228
YKL065C	P35723	0.9688734
YBR054W	P38079	0.9782476
YJL158C	P47001	0.9277594
YML027W	P34161	0.9834839
YCR077C	P25644	0.9846978
YKL096W	P28319	0.9716462
YDR273W	Q05610	0.9805171
YKR050W	P28584	0.9824133
YER114C	P39969	0.9834762
YER034W	P40022	0.98777854
YGL049C	P39936	0.9839525
YDL161W	Q12518	0.9827552
YDL051W	P33399	0.9734374
YIL152W	P40455	0.98287594
YDL056W	P39678	0.98402184
YHR149C	P32900	0.98595285
YLR192C	Q05775	0.98267376
YHR127W	P38833	0.97804534
YMR047C	Q02630	0.98301005
YOR233W	Q01919	0.984467
YDR320C	Q06677	0.9802263
YER028C	P39943	0.9450166
YNL151C	P17890	0.9748912
YER048C	P39101	0.9795886
YOR083W	Q12416	0.9987011
YEL039C	P00045	0.83403146
YPR133C	Q06505	0.9849911
YJL078C	P47033	0.9825287
YLR309C	Q06704	0.9787382
YGR245C	P53313	0.98286223
YML010W	P27692	0.98489547
YOL004W	P22579	0.9839029
YJL165C	P38970	0.9835447
YPL077C	Q02831	0.9826063
YOR006C	Q12094	0.98413837
YOR324C	Q99332	0.9750569
YKL108W	P34252	0.9883529
YMR179W	P35209	0.97807735
YOL070C	Q08229	0.98120546
YGL244W	P53064	0.98450816
YBR162W-A	P38374	0.8089151
YNL175C	P53883	0.9812838
YNL042W	P53958	0.9841393
YIL112W	P40480	0.9842735
YOL067C	P32607	0.89684355
YOR145C	Q99216	0.9809889
YBR156C	P38283	0.984187
YOR304C-A	O14468	0.950756
YML032C	P06778	0.98336554
YLR146W-A	Q2V2P1	0.8607719
YGL181W	P40956	0.9705845
YDL175C	Q12476	0.9814377
YGR202C	P13259	0.9832183
YOL109W	Q08245	0.9892905
YKL075C	P36083	0.89603376
YOR078W	Q08492	0.9895942
YOR134W	Q12128	0.97138816
YDR172W	P05453	0.98417664
YGL150C	P53115	0.9845355
YKL195W	P36046	0.9866895
YNL074C	P32047	0.93867147
YKL064W	P35724	0.9828693
YPL074W	P40328	0.9827377
YLR314C	P32457	0.98276544
YLR019W	Q07949	0.98476446
YNR047W	P53739	0.98420787
YER129W	P38990	0.979856
YPL032C	Q03088	0.9842434
YNL183C	P22211	0.98224044
YLR353W	P41698	0.9839653
YCL032W	P25344	0.9822034
YMR144W	P40214	0.98111033
YBL081W	P38180	0.97930557
YPR185W	Q06628	0.9848382
YMR068W	Q04749	0.9793321
YJR056C	P47115	0.9750978
YLR194C	Q05777	0.968294
YOR358W	Q02516	0.9854121
YBR089C-A	P11633	0.98640466
YNL154C	P23292	0.98464024000000006
YLR006C	Q07084	0.9781216
YPL193W	Q08932	0.9216567
YGR241C	P53309	0.99033916
YLR223C	P39520	0.9858726
YKL109W	P14064	0.98216325
YHL023C	P38742	0.9854474
YOR267C	Q08732	0.984747
YPL178W	Q08920	0.9557009
YCR076C	P25659	0.9831078
YDR207C	P39001	0.9853351
YDL005C	Q12124	0.9843132
YMR182C	Q00453	0.81079245
YMR295C	Q03559	0.9427744
YOR322C	Q12502	0.98450756
YGL061C	P53168	0.9812721
YMR140W	P40210	0.9782696
YOR054C	Q08438	0.98498535
YFR001W	P43586	0.97842723
YAL059W	P39715	0.919918
YPL075W	P07261	0.98712885
YKL168C	P36004	0.988312
YFL023W	P43573	0.9830736
YMR114C	Q04471	0.9834757
YNL078W	P53939	0.9140408
YLR055C	P38915	0.98480797
YIR025W	P40577	0.9845089
YHR177W	P38867	0.9736375
YKR090W	P36166	0.98350483
Q0297	Q9ZZV8	0.9868182
YGL242C	P53066	0.9715826
YNL173C	P53885	0.9845825
YDL197C	P32448	0.96440744
YDR229W	Q04934	0.98466456
YCR008W	P25333	0.9801754
YPR008W	Q12753	0.9837391
YML017W	P50109	0.9846685
YOL135C	Q08278	0.8734237
YOL105C	Q12215	0.98348254
YDL106C	P07269	0.9842019
YOR197W	Q08601	0.9846755
YFL067W	P43537	0.98473716
YNR054C	P53743	0.98017925
YCR091W	P25341	0.9783538
YBR290W	P38356	0.9813838
YFR031C-A	P0CX45	0.9317293
YFR031C-A	P0CX46	0.9317293
YFL010C	P43582	0.9911249
YHR014W	P23624	0.88335174
YDL014W	P15646	0.98552704
YDR289C	Q05543	0.9845716
YMR028W	Q04372	0.9788537
YJL162C	P46997	0.98474634
YDL153C	Q12136	0.98403096
YNL110C	P53927	0.9841372
YNL232W	P53859	0.97659546
YJR043C	P47110	0.9845581
YKL095W	P28320	0.9830196
YHR116W	P38824	0.9847115
YIL063C	P40517	0.9847722
YLR262C-A	Q3E764	0.9679515
YIL018W	P0CX45	0.9317293
YIL018W	P0CX46	0.9317293
YHR087W	P38804	0.8178159
YML016C	P26570	0.9847734
YML006C	Q04233	0.98236644
YOR127W	P39083	0.98103404
YAL035W	P39730	0.9847971
YML109W	P54786	0.94825304
YBR084C-A	P0CX82	0.9365089
YBR084C-A	P0CX83	0.9365089
YOR340C	P46669	0.97569716
YKL105C	P34250	0.98858774
YNR014W	P53719	0.9793813
YLR154W-C	Q8TGM6	0.88974917
YOR259C	P53549	0.98460793
YDR480W	Q03373	0.9769759
YHR102W	P38692	0.98441714
YGL056C	P53172	0.9856461
YDL085C-A	Q3E7B7	0.99526775
YBR005W	P38212	0.97869873
YJR125C	P47160	0.9827087
YGR275W	P53330	0.97112644
YER063W	P40040	0.99312484
YAL032C	P28004	0.9420432
YER127W	P40079	0.9836393
YML052W	P54003	0.9636265
YPL085W	P48415	0.9867851
YOL007C	Q08054	0.96566916
YAL028W	P39734	0.9807038
YOL051W	P19659	0.98402154
YFR003C	P43587	0.9948552
YGL212W	P32912	0.8956348
YOR091W	Q12000	0.98129284
YAL065C	O13511	0.96772695
YPR104C	P39521	0.9848523
YGL066W	P53165	0.98630345
YER032W	P40020	0.9839943
YDR099W	P34730	0.97854304
YMR174C	P01094	0.9208925
YOL148C	P50875	0.984332
YJL129C	P12685	0.98456204
YOL078W	Q08236	0.9810764
YER180C-A	Q3E784	0.96944535
YIR023W	P21657	0.98455
YBR255W	P38335	0.98443866
YDL020C	Q03465	0.9489945
YDL025C	Q12100	0.98326325
YGR145W	P48234	0.98441756
YHL007C	Q03497	0.984234
YKL082C	P36080	0.99105924
YDR152W	Q03768	0.96350324
YDL148C	Q99207	0.98349905
YBL043W	P38195	0.80309725
YAR014C	P27637	0.983172
YLR335W	P32499	0.9814281
YLR399C	P35817	0.9846078
YGL122C	P32505	0.9847276
YBR130C	P38272	0.9830048
YDR507C	Q12263	0.95283663
YBR122C	P36531	0.9414272
YDL003W	Q12158	0.9808469
YPL043W	P37838	0.98413265
YEL043W	P32618	0.9818296
YNL186W	P53874	0.9851264
YDR359C	Q06337	0.9842577
YPL108W	Q02872	0.9740951
YHR061C	P38785	0.98585826
YLL010C	Q07800	0.98477775
YPL105C	Q02875	0.9847889
YNL216W	P11938	0.9837388
YDL150W	P25441	0.98426914
YPR018W	Q12495	0.9865211
YER104W	P40063	0.98888755
YOL131W	Q08270	0.93416023
YBL113C	Q7M4S9	0.9844823
YDR171W	Q12329	0.98436904
YCR018C	P09007	0.98051697
YDR309C	Q06648	0.925805
YCR087C-A	P37263	0.86382264
YMR124W	P39523	0.98840743
YMR311C	P41818	0.9926478
YLR331C	O13555	0.8940542
YLR390W	Q06011	0.9707304
YPL190C	P38996	0.9848424
YKL160W	P36053	0.9834738
YML119W	Q03208	0.8804698
YHR012W	P38759	0.98296434
YGR013W	P53207	0.983542
YNL197C	P34761	0.9825782
YER121W	P40076	0.87349254
YOR101W	P01119	0.98467374
YOR383C	Q08907	0.9758462
YHR156C	P38852	0.9818017
YLR018C	Q12445	0.9436585
YGL209W	P53035	0.98175895
YOR056C	Q08444	0.984334
YNL283C	P53832	0.98491645
YDR468C	Q03322	0.9828042
YER019C-A	P52871	0.9310202
YBL051C	P34217	0.984509
YOR042W	Q08412	0.9937017
YLR361C-A	Q3E795	0.9826511
YOR183W	Q08559	0.85963356
YDR285W	P31111	0.98283714
YPL177C	P41817	0.96156746
YNL147W	P53905	0.9160223
YLR435W	Q06672	0.96535087
YHR036W	P38770	0.9848441
YGL178W	P39016	0.9516514
YBL031W	P38200	0.9248195
YGL208W	P34164	0.984045
YMR276W	P48510	0.9875072
YPL101W	Q02884	0.98093855
YPL064C	Q02770	0.97559303
YNL322C	P17260	0.9767463
YMR002W	Q03667	0.981966
YKR041W	P36134	0.9697825
YDR162C	Q12163	0.9413811
YDR312W	Q12153	0.98271585
YKL032C	P33417	0.987022
YDR145W	Q03761	0.9853029
YOR189W	Q08561	0.98897314
YAL034C	P28003	0.94120824
YGL093W	P53148	0.9841199
YPR023C	Q12432	0.9823377
YML093W	Q04500	0.992736
YBR045C	P38229	0.91231596
YMR070W	P54785	0.98309016
YKL175W	P34240	0.96938396
YMR219W	Q03661	0.98552823
YML037C	Q03703	0.98233646
YPR075C	Q06810	0.9681251
YHR211W	P38894	0.98157
YPL239W	P46683	0.9560803
YMR123W	Q03880	0.98747945
YNL068C	P41813	0.98436
YOR232W	P38523	0.9565843
YMR206W	Q03695	0.9438281
YMR165C	P32567	0.9842871
YGL237C	P06774	0.9911049
YOR182C	P0CX33	0.9624107
YOR182C	P0CX34	0.9624107
YDL133C-A	P0CX86	0.9170537
YDL133C-A	P0CX87	0.9170537
YBR152W	P38282	0.98873925
YLR298C	Q05900	0.8271285
YFR046C	P43618	0.982364
YLR086W	Q12267	0.9810215
YIL019W	P40546	0.99287033
YER079W	P40052	0.9722558
YBR289W	P18480	0.9852102
YCR033W	P25357	0.9843237
YKL068W	Q02629	0.9225627
YGR072W	P48412	0.9840282
YLR330W	Q12114	0.98486245
YBR157C	P38284	0.92973316
YMR107W	Q04438	0.9899912
YDL081C	P05318	0.880229
YOR294W	Q08746	0.94092107
YPL128C	Q02457	0.97938883
YIL093C	P40496	0.89366937
YER151C	Q01477	0.9848282
YOR110W	Q12415	0.97820693
YJR059W	P47116	0.9841366
YMR043W	P11746	0.98593605
YIL135C	P40463	0.98881817
YNL271C	P41832	0.98479426
YKR028W	P36123	0.98362917
YMR175W	P50263	0.99506295
YOL130W	Q08269	0.9834304
YCL058W-A	Q2V2Q1	0.9571434
YOR030W	Q99234	0.98198175
YER068W	P34909	0.9818047
YJL144W	P47009	0.92675614
YNL053W	P38590	0.97928524
YDR420W	P41809	0.98290396
YDL122W	P25037	0.9843556
YGR143W	P33336	0.983818
YER158C	P40095	0.98365307
YPR052C	P11632	0.9712454
YDL105W	P43124	0.98195857
YOR123C	P38439	0.98529106
YJL122W	P47019	0.9268765
YKL093W	P23493	0.96688724
YKL185W	P34233	0.98361063
YDL173W	Q12515	0.97156906
YKR081C	P36160	0.9815472
YBL029W	P38201	0.951736
YKL101W	P34244	0.9824189
YNR044W	P32323	0.98463404
YLL009C	Q12287	0.92015254
YGR058W	P53238	0.98336256
YNL215W	P40154	0.99069595
YER083C	P40056	0.9767171
YHR081W	P38801	0.9693893
YFR012W-A	Q3E838	0.8275968
YHL028W	P38739	0.98358685
YDR213W	Q12151	0.98338693
YBR278W	P27344	0.98306215
YER167W	P33306	0.97349346
YOR279C	Q12192	0.98246133
YDR330W	Q06682	0.98363817
YLR281C	Q05863	0.98074114
YBR273C	P38349	0.98259187
YIL154C	P32351	0.9845576
YDR146C	P08153	0.9813348
YJL177W	P46990	0.861994
YFL031W	P41546	0.90053666
YHR066W	P38789	0.9817748
YIL138C	P40414	0.9926722
YMR042W	P07249	0.98463255
YGR138C	P53283	0.98187804
YJR151C	P47179	0.9847882
YHR178W	P38699	0.9832507
YLR138W	Q99271	0.9848188
YGL023C	P53191	0.9830122
YGL071W	P22149	0.9242389
YDR251W	P37304	0.9838443
YDR192C	P49686	0.9458891
YBR173C	P38293	0.9676837
YFR019W	P34756	0.9833348
YHR040W	P38772	0.97897947
YFL042C	P43560	0.9822787
YLR295C	Q12349	0.9765617
YNL166C	P53890	0.98247623
YPR040W	Q12199	0.9737743
YDR494W	Q03430	0.98492837
YOR287C	Q12481	0.98945796
YIL055C	P40523	0.9832903
YOR198C	P38934	0.9662409
YJR017C	P22696	0.9610591
YOL054W	Q12161	0.98405814
YDR070C	Q12497	0.98130405
YKL204W	P36041	0.98944056
YLR248W	P38623	0.945638
YLL006W-A	Q3E814	0.95813537
YMR214W	P25303	0.9701223
YBL085W	P38041	0.98342746
YGR035C	P53222	0.90132
YCL063W	P25591	0.9344157
YML117W	Q03735	0.98321897
YPR187W	P20435	0.9747683
YLR002C	Q07896	0.9842708
YOR018W	Q02805	0.98225975
YHR103W	P38814	0.982237
YEL037C	P32628	0.9849264
YOR327C	P33328	0.9767305
YCR065W	P25364	0.9747328
YGR179C	P53298	0.9794126
YER088C	P40059	0.98848975
YOL115W	P53632	0.9803181
YOR066W	Q08471	0.9884001
YLR051C	Q12035	0.8964546
YHR082C	P38691	0.9822124
YBR198C	P38129	0.98429286
YML007W	P19880	0.98492783
YIL077C	P40508	0.98183656
YDR174W	Q03973	0.98287565
YNL112W	P24783	0.98041636
YDL218W	Q07629	0.98574185
YDL048C	Q07351	0.9614867
YKL052C	P35734	0.9842252
YMR190C	P35187	0.98186374
YBR126W-A	Q8TGU7	0.86239433
YDR500C	P51402	0.80701435
YLR206W	Q05785	0.98436666
YMR264W	P38428	0.98024946
YMR037C	P33748	0.9804617
YHL024W	P38741	0.9840901
YKL050C	P35736	0.9829552
YDR412W	Q04031	0.95838296
YDR227W	P11978	0.9838042
YPL158C	Q99299	0.98629117
YNL196C	P40167	0.98312724
YLR350W	Q06144	0.9720972
YMR030W	Q05043	0.9742086
YLR204W	P32344	0.97310066
YLR141W	Q02983	0.97746444
YIL038C	P06102	0.9842335
YLL038C	Q07872	0.97201645
YLR257W	Q06146	0.99285716
YKL059C	P35728	0.97663903
YIR011C	P38637	0.97882175
YMR005W	P50105	0.9845817
YLR375W	Q05937	0.9739721
YLR287C-A	P0CX33	0.9624107
YLR287C-A	P0CX34	0.9624107
YPR163C	P34167	0.99166113
YOR276W	P12962	0.98177963
YBR049C	P21538	0.98469245
YGL029W	P53188	0.978343
YNL208W	P40159	0.99912035
YLR221C	Q05942	0.9800204
YGR268C	P40325	0.9845766
YDR479C	Q03370	0.97914696
YKL028W	P36100	0.98467577
YPL229W	Q99395	0.93441796
YGR178C	P53297	0.982057
YDR381W	Q12159	0.99171156
YMR164C	Q03825	0.9850935
YGR113W	P53267	0.9790367
YKR010C	Q02208	0.9842596
YMR074C	Q04773	0.9554283
YPL049C	Q03063	0.9868469
YDR143C	P22470	0.98617494000000006
YNL230C	P53861	0.9829708
YJR091C	P47135	0.98165
YGR258C	P07276	0.9481156
YPL141C	Q03002	0.97826874
YDL053C	Q07362	0.988618
YDR223W	Q04930	0.9452306
YDL037C	Q12140	0.9841061
YDL167C	P32770	0.9828247
YGR119C	P48837	0.9766067
YHR158C	P38853	0.9824919
YDL226C	P35197	0.984716
YOR156C	Q12216	0.9804537
YOR329C	P34758	0.98796296
YFR051C	P43621	0.98117363
YJL151C	P14359	0.97822475
YML105C	P29478	0.967924
YGR280C	P53335	0.98811233
YFR016C	P43597	0.98925686
YGL031C	P04449	0.9729098
YBR138C	P38277	0.9149388
YOR073W	Q08490	0.98355097
YFR032C	P43607	0.9827031
YBL090W	P38175	0.8349098
YKL054C	P35732	0.98866725
YMR171C	Q03212	0.94164604
YKL164C	Q03178	0.97068846
YDR490C	Q03407	0.9784984
YCL061C	P25588	0.9879761
YBR095C	P38255	0.9501229
YER087C-B	P52870	0.87178314
YDR233C	Q04947	0.93762517
YHR200W	P38886	0.9836464
YMR269W	Q03525	0.99152017
YDR388W	P39743	0.9776107
YPL016W	P09547	0.9842664
YPR095C	Q06836	0.9829128
YMR039C	P54000	0.9877605
YDL194W	P10870	0.98205423
YKL089W	P35201	0.98098254
YOL028C	Q08182	0.9856398
YJL123C	P47018	0.98543435
YBR194W	P38305	0.9850811
YBR108W	P38266	0.9956229
YER059W	P40038	0.98252714
YCR084C	P16649	0.9842341
YMR032W	Q05080	0.9838983
YKR077W	P36157	0.85259515
YDR054C	P14682	0.98058826
YHR114W	P38822	0.97678727
YGR169C-A	Q3E772	0.9985732
YDR122W	P13185	0.9842727
YHR152W	P17123	0.94484866
YGR189C	P53301	0.9831072
YLR183C	Q06266	0.96825725
YIR006C	P32521	0.984863
YNL298W	P48562	0.98468864
YLR326W	Q06170	0.9827796
YOR028C	P40917	0.97880757
YGL108C	P53139	0.99693066
YNL113W	P28000	0.9821112
YEL009C	P03069	0.96842146
YNL016W	P32588	0.9844074
YNR010W	P33308	0.91858697
YDR328C	P52286	0.98420656
YLR387C	Q06709	0.9746897
YDR005C	P41910	0.982116
YDR017C	Q12494	0.97901183
YIL036W	P40535	0.9816109
YJR089W	P47134	0.98374975
YPL124W	P33419	0.98294926
YJL042W	P43638	0.98446393
YHR159W	P38854	0.99254805
YKL042W	P36094	0.9761965
YGL053W	P53174	0.8915236
YIR010W	P40568	0.97462076
YJL115W	P32447	0.9849804
YKR020W	P36116	0.9758694
YHR193C	P38879	0.95289207
YMR153W	Q03790	0.98071873
YPR091C	Q06833	0.9841205
YDR464W	P38904	0.9848423
YAR042W	P35845	0.9844233
YDL222C	Q07651	0.97866774
YBR016W	P38216	0.9931022
YGR229C	P32566	0.98441917
YDL224C	Q07655	0.90937746
YJR104C	P00445	0.8695613
YDR006C	P40317	0.98432964
YHR089C	P28007	0.9848952
YLR451W	P08638	0.9824796
YBR269C	P38345	0.9865368
YPL011C	Q12297	0.97853774
YNL164C	P53892	0.9761871
YCL014W	P25558	0.9828633
YFR033C	P00127	0.9862183
YER112W	P40070	0.98388374
YGL172W	Q02199	0.98026127
YKL043W	P36093	0.93792
YNL176C	P53882	0.9805926
YIL122W	P40473	0.9837275
YBR112C	P14922	0.985008
YNR061C	P53747	0.92618406
YGR129W	P53277	0.98418725
YOR195W	Q08581	0.983426
YJL191W	P39516	0.963994
YLR182W	P09959	0.95441806
YOL123W	Q99383	0.9856273
YGR017W	P53210	0.9753121
YPR022C	Q12139	0.98372865
YNR024W	P53725	0.9881841
YDR210W	Q03482	0.8486478
YOR097C	Q12274	0.9179503
YDR260C	Q12379	0.95868146
YBR172C	P32909	0.9842816
YBL097W	P38170	0.9502518
YMR081C	P32488	0.9241462
YDR121W	Q04603	0.9833038
YDL013W	P32828	0.98255163
YDR534C	Q04433	0.98299897
YPL055C	Q02796	0.98566467
YDR392W	P06844	0.9794928
YOL100W	Q12236	0.98348993
YMR263W	P38429	0.98517716
YPL150W	Q12152	0.9434519
YML034W	Q03707	0.98425657
YJL141C	P14680	0.9841349
YOR077W	P40962	0.96984446
YER126C	P40078	0.9739213
YDR110W	O13329	0.9845803
YNL161W	P53894	0.9840713
YIL095W	P40494	0.9837686
YGL175C	P46946	0.8437256
YLR332W	P36027	0.97994417
YJL098W	P40856	0.9810113
YHL013C	P38747	0.98176444
YER165W	P04147	0.9838551
YBL061C	P34226	0.9829787
YPR133W-A	P80967	0.8086342
YGL148W	P28777	0.9763847
YPL146C	Q12080	0.9867897
YDR167W	Q12030	0.9729229
YDL223C	Q07653	0.9984578
YBR267W	P38344	0.97812974
YDL088C	Q05166	0.9850811
YDL129W	Q07555	0.9828019
YIL061C	Q00916	0.9839747
YOR355W	P41913	0.98261654
YEL012W	P28263	0.97970796
YOR290C	P22082	0.9845753
YLR116W	Q12186	0.9849577
YDR348C	Q05518	0.99803084
YPL230W	Q12132	0.9881239
YLR371W	P51862	0.9816135
YPL159C	Q99373	0.89134955
YPL204W	P29295	0.98471034
YHR058C	P38782	0.98186255
YDL169C	P32772	0.9760411
YIR016W	P40572	0.9740716
YDL195W	P38968	0.9845282
YPL249C	Q12344	0.9847884
YCR030C	P25623	0.98454434
YDR429C	Q04067	0.9096787
YHL008C	P38750	0.97638893
YMR273C	P50111	0.9851784
YPR154W	Q06449	0.98240745
YBL021C	P13434	0.9734639
YCL051W	P25579	0.9427415
YJL148W	P47006	0.9836438
YER058W	Q02771	0.9789564
YDL186W	P48568	0.91159797
YOL060C	Q12296	0.9835901
YOL041C	Q08208	0.9825475
YHR118C	P38826	0.9845405
YKR091W	P36167	0.9785658
YOL116W	P22148	0.9850429
YDR379W	Q06407	0.9828463
YNL027W	P53968	0.9803896
YJL083W	P47030	0.986762
YDR088C	Q02775	0.9931159
YDR411C	Q12743	0.9821274
YLL022C	Q12373	0.9845928
YKL023W	P36103	0.98965824
YDR446W	Q04110	0.97399384
YNL278W	P53836	0.9847591
YAR028W	P39548	0.9118663
YML062C	P33441	0.9847234
YOR148C	Q02521	0.926173
YNL144C	P53907	0.9823906
YFR048W	P43620	0.9835173
YNL159C	P53895	0.97818565
YPL119C	P24784	0.98232484
YGR002C	P53201	0.9557601
YMR173W	P18899	0.9852438
YNL184C	P53876	0.958646
YDR293C	P24276	0.9843978
YOR223W	Q12015	0.9747917
YDR217C	P14737	0.9816258
YKR023W	P36119	0.95432746
YGR249W	P53050	0.98158145
YBR279W	P38351	0.98505557
YHR219W	P38900	0.9845854
YCR016W	P25617	0.9740884
YCL054W	P25582	0.98167956
YLL013C	Q07807	0.9845445
YNL136W	P53911	0.98495495
YPL199C	Q08954	0.9619293
YJR083C	P47129	0.9887461
YPL228W	O13297	0.983563
YJL128C	P08018	0.9839175
YDR068W	P54858	0.9814364
YJR005C-A	Q3E827	0.9951514
YDR461C-A	Q2V2P7	0.9935664
YBL058W	P34223	0.9849899
YNL079C	P17536	0.97736466
YBL101C	P38167	0.9835403
YOR027W	P15705	0.98446536
YJR134C	P47166	0.96558094
YDR356W	P32380	0.9815588
YJL076W	P47035	0.9848657
YGR014W	P32334	0.98154926
