ensembl_gene_id	lddt
YPL071C	63.66
YLL050C	93.05
YMR172W	54.93
YOR185C	90.13
YLL032C	80.86
YBR225W	63.43
YEL041W	77.2
YOR237W	93.95
YMR027W	94.34
YBR182C-A	77.78
YKL103C	93.94
YOL048C	79.83
YIR015W	83.24
YNR017W	72.58
YBL055C	91.14
YOL144W	66.98
YDL246C	96.45
YDL243C	94.72
YDR387C	80.7
YMR290C	82.86
YCR031C	91.89
YBR293W	88.59
YJL160C	64.94
YMR139W	91.8
YDR438W	84.92
YDR523C	72.12
YDR542W	69.75
YLR466W	66.52
YPL208W	91.86
YLR054C	65.77
YER011W	62.03
YLR437C	62.09
YNR069C	68.23
YDR492W	88
YMR191W	55.11
YIL086C	39.22
YOL072W	93.34
YOR114W	69.67
YIL156W-B	92.85
YHR094C	84.46
YOL085C	32.61
YHL031C	85.72
YOR385W	83.61
YGL087C	95.75
YMR244C-A	90.25
YNL306W	82.2
YOR214C	40.03
YAL037W	80.31
YLL056C	96.34
YOL119C	80.98
YJL204C	80.2
YAL016W	92.25
YIL146C	57.4
YCL011C	67.54
YLR128W	90.45
YDR018C	84.41
YOR019W	58.35
YNL288W	80.09
YCL040W	93.55
YNL191W	86.96
YBR115C	87.28
YGL156W	93.93
YCR052W	71.47
YGL015C	64.2
YOR206W	79.57
YMR091C	67.85
YJR105W	95.48
YHL002W	74.18
YCR100C	82.87
YPL217C	74.93
YOR341W	81.57
YDL189W	56.03
YER056C-A	93.85
YMR180C	79.18
YNL097C	71.15
YDR508C	80.07
YHR045W	91.99
YML020W	68.67
YGR251W	70.8
YBR031W	92.13
YDR462W	86.56
YPR139C	93.8
YPR169W	81.5
YPL257W	53.52
YOL088C	88.62
YLR075W	95.14
YML088W	77.75
YIL010W	83.35
YDR175C	87.55
YLR052W	66
YKR004C	90.51
YNL137C	90.29
YNL331C	94.97
YFL026W	66.71
YJR129C	91.81
YKR092C	59.01
YDR186C	53.22
YML077W	82.6
YEL067C	40.53
YJL139C	89.3
YKL002W	77.91
YGR162W	61.26
YLR159C-A	69.09
YLR159C-A	68.59
YLR159C-A	68.46
YLR159C-A	68.3
YEL054C	70.42
YEL054C	70.14
YPL009C	76.1
YLR025W	79.9
YDR243C	81.24
YGR005C	68.9
YOR160W	92.14
YLR049C	70.23
YLR308W	87.44
YOR084W	91.19
YNL030W	89.09
YHR084W	56.42
YLR032W	68.57
YOR039W	85.28
YBR241C	90.89
YEL047C	96.93
YML125C	89.83
YOR264W	53.25
YPL183C	93.26
YNL297C	82.43
YPR065W	61.34
YNL102W	74.7
YCR107W	87.1
YMR318C	95.78
YPR032W	86.41
YOR281C	75.39
YMR115W	75.42
YFR027W	81.05
YMR266W	80.44
YDL182W	87.49
YER146W	91.52
YLR251W	87.71
YBR182C	54.54
YDR362C	78.77
YNR026C	85.34
YHR126C	50.37
YPR194C	84.78
YGL160W	79.99
YAL003W	82.19
YPL084W	72.46
YNL152W	67.51
YCL002C	93.07
YIL117C	57.52
YBL037W	82.78
YNL140C	38.39
YDR232W	91.6
YJL062W-A	90.37
YBR019C	96.91
YBR022W	94.76
YDR158W	97.54
YOR230W	83.41
YNL099C	80.52
YKL173W	85.6
YER159C	81.76
YML057W	82.42
YML055W	84.87
YDR439W	62.72
YBR121C-A	85.18
YJL110C	54.32
YNL182C	78.47
YJR088C	95.37
YMR105C	96.41
YOR144C	65.73
YPR101W	75.89
YPL179W	70.75
YCL024W	58.23
YNL180C	73.57
YLR321C	64.63
YPL224C	68.13
YNR001C	92.61
YOL052C	89.17
YOR285W	91.09
YIL050W	72.57
YMR268C	87.44
YDL206W	63.56
YLR327C	74.2
YBR119W	88.74
YDR125C	88.3
YFR052W	74.64
YLR154C-H	69.09
YLR154C-H	68.59
YLR154C-H	68.46
YLR154C-H	68.3
YGL211W	84.73
YIL107C	66.46
YJL213W	94.57
YPR204W	63.43
YBL022C	72.23
YIL150C	73.37
YPR103W	88.8
YGR141W	82.36
YIL165C	95.27
YDR338C	73.2
YKL061W	92.68
YOR058C	63.66
YPR155C	75
YJR046W	78.42
YER084W	50.63
YOR270C	81.39
YHR125W	47.28
YDR533C	98
YOL154W	89.69
YOR115C	81.96
YDR272W	97.56
YLR247C	72.38
YER183C	93
YKL139W	73.48
YOL003C	88.67
YNL091W	56.57
YGL097W	90.24
YGR030C	90.85
YNL157W	64.58
YDR197W	88.61
YEL009C-A	60.69
YNL315C	80.79
YDR512C	67.75
YOR258W	94.56
YDR489W	74.26
YEL059C-A	79.44
YOL103W	76.29
YLR167W	89.94
YLR220W	77.85
YLR455W	80.86
YJL020C	58.08
YKL180W	93.15
YOR215C	86.19
YDR299W	70.47
YKL004W	88.49
YDL015C	92.62
YDR304C	90.08
YNL221C	85.74
YHR206W	65.1
YOL095C	82.17
YPL244C	84.75
YAL053W	73.48
YDL181W	82.23
YGR224W	80.67
YHR097C	56.05
YLR094C	50.05
YPR141C	78.1
YGR142W	72.13
YML101C	74.66
YFL064C	53.67
YOL063C	70.3
YNR052C	73.7
YCR060W	82.53
YGR186W	60.85
YNL061W	73.77
YDR367W	84.97
YER172C	83.28
YHR005C-A	87.18
YCR071C	86.86
YOR389W	86.43
Q0065	85.68
YGR181W	74.06
YLR272C	80.98
YKL143W	72.35
YNL284C	81.98
YLR264C-A	65.66
YDR085C	58.62
YIL045W	57.86
YMR012W	85.49
YJL187C	56.64
YCR007C	78.94
YOR231W	68.73
YJR131W	94.95
YDL097C	80.04
YHR007C	97.22
YHR214C-D	43.68
YIL126W	71.52
YGL081W	61.84
YMR202W	96.3
YOR021C	92.02
YGR082W	89.72
YPR156C	80
YMR083W	92.52
YPL240C	85.27
YNR040W	82.52
YPR188C	79.64
YFL015C	54.69
YHR212W-A	89.98
YGL028C	70.62
YDL139C	65.72
YJL133W	80.62
YKL062W	41.37
YFL011W	86.29
YPL111W	94.32
YHR184W	59.87
YOR120W	97.1
YPR119W	71.47
YNL246W	89.12
YFR017C	64.09
YCL012C	85.88
YBR243C	90.18
YGL021W	59.14
YDR200C	61.31
YBR234C	89.43
YJR053W	53.7
YDR191W	86.22
YDR451C	61.98
YGL110C	74.65
YJR044C	75.5
YGR167W	75.55
YGL017W	92.46
YLR181C	71.84
YBR179C	72.95
YBR247C	76.47
YOL038W	93.91
YOR023C	60.14
YJR100C	71.55
YOL124C	92.18
YOR212W	85.95
YDR469W	67.07
YMR017W	67.97
YDR470C	69.32
YIL158W	61.43
YML085C	91.86
YOL013W-A	60.52
YPL192C	60.93
YBL086C	64.11
YDR105C	80.08
YGR156W	72.4
YDR483W	89.65
YKL172W	72.31
YML013W	78.05
YOL120C	92.38
YOL120C	93.29
YER092W	81.58
YOR181W	63.24
YDL123W	56.46
YGR197C	80.25
YIR018W	71.43
YPL059W	86.27
YPL218W	91.07
YBR227C	76.22
YJR012C	64.37
YDL199C	67.77
YIR039C	73.63
YMR224C	73.19
YGR041W	45.06
YKR014C	85.57
YGL079W	72.88
YLR180W	97.88
YAL019W	63.64
YNL121C	83.63
YBR218C	90.62
YLR250W	85.08
YKL149C	87.34
YBR244W	97.03
YFL018C	94.47
YAL024C	49.14
Q0080	96.09
YGL107C	79.34
YMR059W	83.81
YDR505C	58.81
YDL045W-A	82.18
YGL168W	47.72
YMR072W	87.47
YDL045C	94.1
YPL264C	83.54
YBR160W	89.7
YMR304W	84.15
YML087C	88.29
YMR195W	55.33
YIL082W	70.33
YDR361C	82.42
YIL056W	65.97
YBL080C	89.01
YIL161W	73.86
YBR083W	57.51
YBR294W	80.33
YJR067C	85.81
YEL032W	71.62
YKR099W	54.61
YKL110C	85.26
YPL198W	94.13
YNR055C	81.28
YJR146W	38.53
YPL006W	86.04
YHR132C	88.78
YPR161C	65.82
YKL094W	96.07
YPL145C	91.57
YMR240C	70.36
YKR094C	93.88
YKR094C	93.49
YLR424W	72.93
YGL228W	70.35
YNL039W	63.92
YMR308C	93.24
YIL119C	63.31
YGR183C	89.92
YGL050W	87.77
YBR091C	84.75
YGR273C	67.83
YIL016W	82.52
YML001W	89.23
YDR266C	67.15
YPL092W	86.67
YGR086C	79.74
YJR130C	85.54
YKR058W	62.35
YKL183C-A	74.3
YLR253W	81.79
YDL242W	60.39
YDR002W	83.56
YGL145W	87.59
YDR214W	86.56
YBR284W	77.09
YEL040W	81.08
YDR130C	61.96
YNR036C	87.42
YEL059W	53.87
YOL029C	58.83
Q0160	95.5
YDL176W	73.84
YIL144W	77.12
YGR098C	86.83
YOL155W-A	58.83
YPR181C	92.26
YGR074W	78.39
YBR158W	72.79
YDR358W	73.47
YLR390W-A	60.22
YGL098W	74.3
YDR460W	75.72
YNL304W	63.65
YOR072W	55.81
YOL161C	70.22
YBR111W-A	91.22
YJR069C	94.2
YER105C	79.6
YML114C	66.62
YBL071C	54.24
YJR120W	52.39
YIL026C	79.78
YJL186W	92.06
Q0070	85.18
YJL008C	86.3
YNL119W	84.87
YDR034W-B	74.42
YCR036W	94.41
YNL034W	35.16
YHR025W	92.68
YJL061W	85.21
YMR319C	80.14
YOL122C	74.77
YLR233C	78.3
YDL028C	62.35
YNL187W	85.7
YEL053C	90.67
YCR063W	88.51
YOR252W	89.69
YAL034W-A	77.12
YEL046C	93.11
YOR157C	93.72
YNL310C	72.67
YGL096W	59.61
YGR240C-A	55.95
YCL042W	44.46
YDR061W	84.26
YER137C	79.48
YDR060W	67.96
YJR085C	59.39
YHR055C	64.37
YHR055C	65.74
YPR171W	54.92
YHR073W	71.13
YPR122W	80.68
YGR172C	70.78
YJR040W	81.26
YBR229C	91.7
YDR169C-A	58.24
YDR363W	69.01
YKR052C	83.24
YPL091W	94.93
YKL157W	89.27
YPL137C	63.47
YDR422C	48.58
YOL107W	84.59
YDR119W	67.82
YER013W	78.53
YHL015W-A	83.23
YLR117C	84.93
YJL189W	92.5
YOR274W	89.57
YNL277W	87.67
YAL064W-B	33.12
YDR097C	75.81
YIL163C	59.37
YAL018C	84.36
YBR042C	93.69
YKL068W-A	62.67
YKR062W	63.84
YNL126W	71.6
YKL091C	96.4
YKR073C	46.77
YJR039W	76.87
Q0142	79.45
YGR194C	92.99
YML075C	78.52
YHR064C	93.32
YMR075W	57.03
YKR087C	78.43
YBR150C	64.66
YOR343C	32.57
YDR042C	43.04
YGL026C	93.02
YNL210W	78.79
YNR041C	86.93
YML129C	79.88
YGL213C	92.14
YHL041W	51.67
YLR110C	61.9
YOR093C	80.63
Q0275	95.72
YGL248W	94.24
YNL193W	84.49
YNL301C	92.38
YNL301C	93.29
YDL160C	80.86
YGL075C	70.31
YPL014W	53.53
YHR143W	43.67
YGL256W	96.86
YDR425W	73.54
YOR381W-A	78.47
YBR298C	77.77
YEL036C	80.96
YBR143C	80.7
YML073C	91.78
YMR149W	78.28
YNL263C	72.55
YAL037C-A	76.09
YIL139C	82.07
YLR072W	66.52
YOL065C	90.1
YNL059C	84.28
YOR092W	74.82
YMR233W	77.81
YDR228C	71.25
YGL012W	92.31
YPL164C	77.33
YPL163C	31.51
YLR069C	83.4
YLR403W	48.99
YOR207C	87.43
YKL070W	83.08
YPR069C	96.68
YPL038W-A	68.01
YDR319C	89.44
YJL009W	50.6
YDR471W	95.32
YLR008C	77.25
YNL044W	83.64
YER094C	96.92
YBR014C	82.26
YDR089W	69.27
YMR048W	66.72
YGL082W	78.06
YLR231C	96.83
YOR365C	78.13
YML030W	67.29
YBR259W	74.25
YJR005W	80.44
YMR118C	82.08
YOL005C	95.48
YOL020W	84.81
YER038C	68.58
YKR038C	94.45
YKR048C	78.33
YLR264W	91.11
YIL068C	77.7
YPR072W	77.78
YJL006C	90.96
YKL096W-A	65.17
YGR161C	58.68
YIL065C	89.78
YBR060C	61.85
YFR036W	67.28
YKL014C	80.88
YOL053W	62.55
YDR275W	56.88
YJR150C	55.25
YPR067W	77.11
YCR025C	50.63
YPL175W	90.6
YIL098C	82.26
YLR164W	87.08
YHL047C	85.8
YHR175W-A	63.12
YLR079W	59.56
YCR069W	87.41
YOL117W	72.27
YHR003C	86.84
YLR103C	84
YCR041W	42.81
YDR043C	50.63
YLR170C	89.63
YNL026W	85.92
YLR228C	58.06
YPL088W	95.43
YNL067W	95.69
YFR006W	90.32
YLL036C	88.47
YJR098C	70.47
YJL103C	60.7
YDR129C	87.78
YIL009W	92.71
YJL156C	75.83
YBR180W	78.42
YBL034C	69.4
YKR082W	81.31
YHL032C	82.55
YHR154W	74.76
YNL104C	90.96
YDL066W	95.03
YOR038C	81.34
YGR274C	67.97
YBR212W	60.32
YOR303W	92.11
YDR302W	84.61
YIR021W-A	62.72
YOR137C	82.46
YOL034W	80.14
YOR052C	74.47
YDR239C	49.47
YDR539W	95.9
YBR071W	58.57
YDL125C	92.31
YPL125W	92.51
YPL090C	94.66
YPL090C	94.68
YPR120C	79.15
YLR411W	79.14
YMR260C	77.03
YBL074C	89.45
YBL107C	85.87
YBR097W	77.22
YDR493W	83.75
YPR198W	85.67
YLR056W	93.27
YJL185C	43.8
YOR190W	90.66
YGR031C-A	32.87
YLR429W	78.79
YNL169C	68.08
YBR136W	84.24
YNL268W	78.98
YPR053C	42.66
YKR045C	58.3
Q0010	67.73
YPR106W	80.43
YDR101C	83.53
YKL018C-A	62.6
YDR182W-A	62.47
YEL034W	88.09
YHR031C	68.75
YKL126W	77.73
YLL060C	92.38
YDR212W	87.7
YNL162W	93.63
YNL162W	93.56
YER144C	76.5
YGL037C	98.51
YBR039W	87.05
YDR476C	92.94
YIL044C	72.01
YKR072C	61.85
YPL250C	59.6
YBL089W	83.22
YCR020C-A	93.9
YDL131W	86.24
YPL051W	90.87
YER069W	85.52
YAL048C	86.98
YDR458C	68.67
YJR138W	67.03
YJL108C	86.37
YPR013C	43.83
YOL039W	73.17
YDR081C	65.6
YPL121C	79.59
YNL257C	79.16
YBL067C	67.88
YKL074C	65.93
YLR310C	61.48
YPR068C	90.8
YNL229C	82.45
YOR349W	88.63
YBR270C	61.23
YGL252C	89.83
YML056C	94.77
YBR087W	89.05
YKL087C	82.02
YOL090W	82.77
YOR271C	83.1
YOR173W	88.04
YFR021W	74.95
YGL250W	72.07
YPR160W-A	88.24
YPR202W	62.82
YML064C	85.83
YGR260W	80.52
YPL270W	77.82
YIR004W	78.44
YLR342W	80.54
YGR159C	62.19
YDR113C	59.3
YDR168W	81.41
YAL025C	74.08
YIL092W	42.79
YGR006W	77.45
YOR106W	68.51
YAR064W	52.83
YDR520C	69.99
YML132W	86.27
YML132W	86.34
YPL248C	66.95
YBR026C	94.49
YOR108W	91.44
YKL018W	93.08
YDR307W	87.98
YER161C	68.17
YGL121C	77.18
YLR017W	90.38
YJR079W	47.31
YBR197C	64.28
YGL040C	96.32
YML113W	56.45
YKL135C	76.64
YJR049C	75.35
YAL031C	69.13
YER131W	87.2
YGR130C	66.29
YKL112W	53.68
YBR027C	48.01
YHL042W	81.27
YNL042W-B	38.06
YOR059C	86.23
YIL136W	49.97
YER027C	63.82
YBR177C	93.64
YHR022C-A	73.73
YML058W-A	57.07
YDR265W	82.32
YIR022W	92.46
YOL149W	83.37
Q0255	83.11
YIL002W-A	89.32
YPR058W	85.72
YDL076C	76.45
YDL006W	93.52
YBR176W	92.83
YPL004C	79.91
YNL248C	85.58
YGR021W	82.79
YKR085C	91.33
YLR304C	95.62
YJR008W	96.52
YKR102W	50.99
YPR110C	93.63
YKL217W	78.06
YNR045W	68.68
YMR136W	56.67
YML091C	76.57
YAL063C-A	45.79
YBR230W-A	93.94
YNR051C	65.23
YGR097W	55.76
YLL052C	69.1
YMR199W	67.75
YOR295W	78.09
YIL133C	95.07
YDL086W	97.18
YGL170C	46.03
YHR106W	92.34
YCR092C	80.99
YHR186C	75.11
YDR238C	82.07
YMR286W	95.94
YFL034W	59.98
YGL166W	67.04
YKR044W	84.63
YGL104C	90.35
YHL029C	71.6
YDR077W	50.96
YDR381C-A	65.67
YHR048W	85.59
YJR002W	69.87
YGR149W	74.38
YJR145C	94.98
YJR145C	94.98
YBR090C	51.85
YIL123W	75.21
YHR039C-A	91.41
YKR080W	94.6
YNL190W	63.62
YOR132W	77.67
YOR216C	75.53
YBL071C-B	82.3
YHR073W-A	55.25
YPL042C	72.15
YNL194C	79.6
YKL065W-A	66.16
YPR149W	82.85
YIR001C	66.01
YJR048W	97.57
YDL083C	95.51
YDL083C	95.35
YHR035W	87.28
YOR099W	95.44
YPL172C	79.04
YPR009W	64.23
YDR036C	92.33
YOR001W	79.91
YLR027C	96.94
YDR057W	67.75
YCR005C	94.47
YBR044C	85.61
YLR214W	86.31
YMR025W	67.36
YGR195W	91
YER002W	80.04
YAL023C	89.61
YPL039W	68.82
YDR513W	92.13
YIL153W	86.99
YPR051W	92.91
YCL034W	77.12
YKR068C	93.1
YAL062W	96.03
YDR487C	95.1
YML127W	85.84
YNL080C	62.76
YCL026C-B	97.57
YDR066C	78.9
YPR134W	69.39
YIR002C	72.56
YKR027W	86.48
YBL068W	92.31
YLL062C	95.51
YML005W	88.54
YGR250C	60.12
YLR378C	72.15
YJR009C	98.39
YGL155W	94.09
YGL216W	71.67
YOR009W	44.13
YCR020W-B	76.57
YJL173C	84.38
YKL081W	90.56
YPR118W	95.52
YNR064C	96.82
YLR023C	72.59
YBR216C	82.14
YKR022C	65.08
YLR425W	66.94
YMR160W	79.31
YDR352W	78.66
YJR014W	72.86
YOR204W	76.84
YFL024C	70.29
YOR209C	95.29
YDR278C	49.71
YIL108W	91.1
YHR165C	83.33
YNL145W	55.84
YNR068C	81.34
YHL006C	80.38
YGR029W	88.45
YHL025W	65.89
YGL125W	92.54
YJR135W-A	91.33
YGR038W	82.55
YGR008C	73.05
YPR019W	73.31
YEL062W	71.27
YNL323W	87.6
YNL003C	86.87
YCR094W	89.13
YJR045C	87.19
YPL213W	77.78
YBR271W	84.31
YDR079C-A	89.51
YNL199C	60.84
YHR172W	70.7
YNL048W	90.77
YDR204W	86.67
YHR002W	85.56
YJL176C	61.12
YJL193W	81.99
YOR284W	47.74
YHR016C	67.58
YFL013C	65.13
YJR128W	33.3
YPR121W	91.17
YER142C	87.53
YGR248W	96.3
YPL054W	59.08
YIL067C	87.72
YDL024C	93.79
YGL094C	84.14
YGR131W	83.64
YKL198C	68.7
YCL028W	48.77
YOR036W	80.82
YLR073C	76.41
YER035W	63.75
YBR084W	91.5
YHR079C	71.4
YHR169W	90.05
YNL072W	87.66
YAL026C	81.85
YAL014C	72.32
YGR163W	79.28
YHR054C	44.09
YPL123C	88.66
YDR109C	83.41
YJL159W	58.85
YIR019C	41.78
YOR154W	68.01
YFL046W	85.36
YDR466W	62.41
YLL008W	70.61
YMR096W	95.01
YLL063C	90.4
YLR449W	69.04
YBR065C	77.56
YNL224C	63.77
YGR125W	74.33
YOR048C	76.43
YPL144W	87.88
YBR245C	74.59
YKR007W	73.77
YML133C	63.55
YOL073C	73.59
YPR036W-A	69.88
YLL046C	77.38
YMR246W	93.07
YOL152W	84.89
YDR427W	70.39
YER145C	70.44
YDL044C	60.15
YJL030W	93.25
YLR089C	84.97
YJL047C	77.03
YOL101C	79.82
YOR085W	86.79
YDL079C	75.16
YBR085W	92.69
YER176W	74.27
YJL194W	65.27
YPL140C	67.35
YOR227W	64.02
YER071C	84.03
YGR279C	79.91
YPL202C	59.3
YGL022W	89
YCL029C	74.78
YMR120C	96.51
YMR052W	80.02
YOR159C	86.02
YLR020C	84.24
YML100W-A	67.3
YBR059C	55.45
YML049C	82.17
YKR078W	68.19
YOR372C	50.81
YGR271W	81
YNR032W	86.74
YGL025C	52.79
YLR190W	59.17
YIL134W	86.8
YLR045C	73.48
YLR285W	90.31
YDR377W	79.07
YJR108W	46.49
YKR001C	84.67
YAR035W	90.97
YHR065C	82.15
YBR068C	82.09
YMR065W	71.69
YBR285W	51.1
YOR112W	78.97
YMR098C	66.5
YCR086W	89.72
YMR302C	78.66
YHR088W	89.7
YGL176C	64.57
YDR219C	57.15
YFR014C	76.13
YGR031W	85.92
YER150W	61.71
YBR041W	90.59
YLR276C	76.36
YDR416W	76.32
YBR252W	95.1
YOR387C	59.28
YLR346C	53.5
YER177W	91.68
YKR025W	67.48
YBL082C	91.67
YBL002W	84.03
YOR229W	80.28
YML060W	91.87
YDR365C	70.92
YLR156W	41.9
YLR156W	40.16
YLR156W	40.88
YNL206C	73.41
YGR025W	55.63
YPL045W	89.56
YGL113W	64.71
YMR080C	78.93
YBL098W	92.04
YMR156C	88.91
YDL233W	76.03
YPL267W	69.77
YGR188C	64.15
YLR135W	66.09
YNR062C	78.48
YIL159W	65.21
YGL162W	70.3
YPL133C	70.23
YKL124W	70.47
YLR261C	60.45
YCR006C	39.95
YMR294W	71.43
YOR068C	37.75
YNL273W	69.45
YIL011W	56.81
YOR376W-A	71.68
YCR083W	90.59
YGL084C	90.25
YCL039W	74.86
YFL041W-A	67.47
YDR287W	94.64
YFR055W	95.88
YFR013W	77.43
YOR342C	79.97
YER123W	73.08
YBR117C	98.23
YLR077W	84.19
YHR093W	39.98
YEL018W	76.98
YKR095W	67.54
YOR251C	96.14
YBR214W	72.14
YDR448W	86.21
YPL263C	80.33
YDR180W	79.96
YER116C	61.61
YPL097W	85.37
YOR130C	81.46
YGL196W	96.25
YCL037C	60.89
YDR294C	91.09
YMR167W	77.36
YNL213C	76.52
YBR169C	94.85
YNL055C	94.42
YDR198C	91.91
YKL129C	75.59
YER043C	96.61
YGR230W	70.22
YGR084C	84.72
YKL100C	76.12
YIL110W	86.47
YOR119C	76.7
YAL010C	77.59
YGL222C	62.1
YJL199C	84.43
YHL036W	82.13
YKL041W	79.24
YLR144C	90.48
YIL131C	75.37
YHR100C	94.18
YNR013C	74.83
YLR414C	86.06
YJL216C	96.17
YHR105W	77.95
YLR030W	44.73
YMR242W-A	75.29
YOR008C	68.14
YDL119C	86.94
YHR056C	66.49
YAL042W	85.44
YFR049W	81.12
YMR079W	94
YOL011W	85.05
YNL269W	40.67
YKL221W	84.72
YBR207W	68.55
YBR155W	92
YGR166W	69.08
YDR501W	64.85
YKR074W	87.86
YFL050C	58.22
YDL214C	60.68
YEL004W	84.08
YER141W	83.22
YHR135C	76.69
YKL138C	94.37
YJL011C	77.15
YAL038W	96.24
YGR152C	77.24
YOR202W	95.65
YKL063C	64.41
YOR266W	81.72
YPR124W	56.16
YDR264C	83.54
YIL128W	90.41
YOR140W	52.76
YDR343C	84.42
YNL041C	65.86
YPR157W	81.49
YJR060W	66.62
YAR003W	88.64
YGL210W	82.93
YJR119C	85.09
YDR373W	85.63
YPR004C	91.33
YPR080W	89.5
YOR004W	79.36
YPL162C	79.03
YBL106C	85.17
YPL200W	83.71
YPR057W	73.8
YBR237W	75.09
YIL064W	87.7
YMR275C	70.16
YDR354W	93.76
YNL234W	56.85
YOR308C	65.21
YDR246W	79.51
YMR100W	70.21
YPR100W	91.52
YDR428C	98
YJR092W	51.07
YIL071C	83.63
YJL051W	45.72
YHR180W	31.82
YOR032C	57.68
YLR301W	97.61
YCL004W	88.45
YDR157W	45.55
YDR316W	82.53
YGR157W	81.63
YNL165W	75.71
YPR033C	87.83
YDL142C	74.83
YNL116W	65.19
YKL024C	95.57
YLR427W	72.11
YGL240W	85.71
YPR174C	69.79
YNL008C	64.04
YGR085C	91.93
YJR115W	58.23
YLR200W	93.02
YPR151C	61.8
YDR253C	66.64
YDL112W	84.37
YGR237C	57.91
YNL309W	54.69
YNR015W	92.94
YKL086W	90.04
YNR075W	82.12
YLR150W	75.33
YDR545W	66.49
YDR545W	65.6
YDR545W	65.38
YHR086W	62.22
YPR180W	92.86
YBR193C	73.95
YLL021W	51.52
YCR011C	79.56
YGL146C	66.21
YGL153W	71.93
YJL010C	86.72
YDL138W	69.92
YFR044C	96.28
YBR149W	94.82
YER170W	89.54
YJL084C	59.26
YCL054W-A	72.47
YDR528W	51.58
YKL073W	88.43
YCR020C	97.74
YNL025C	89.81
YHR146W	59.7
YHR195W	53.52
YKR006C	75.71
YGR075C	74.23
YMR030W-A	37.95
YOR311C	82.83
YDR284C	91.59
YDR050C	97.35
YMR161W	72.87
YNL058C	60.14
YER047C	62.95
YDL010W	79.47
YNL313C	88.11
YDL065C	64.25
YDR349C	78.06
YKL034W	82.62
YLR078C	71.82
YFR032C-B	41.52
YBR013C	38.68
YLR153C	91.81
YDL098C	75.91
YMR183C	78.3
YOL019W	57.19
YHR119W	64.88
YLR404W	86.6
YLR014C	68.91
YDL234C	77.75
YNL122C	77.6
YPL210C	85.99
YML021C	83.77
YOL138C	57.72
Q0140	70.31
YER132C	50.93
YCL057W	92.44
YDR118W	79.35
YLL005C	74.75
YEL068C	50.07
YKL104C	87.86
YBL063W	66.48
YDR118W-A	68.22
YOL151W	96.12
YBL029C-A	86.94
YDR159W	69.28
YER080W	89.19
YHR033W	87.19
YER052C	84.1
YCL069W	83.74
YML074C	66.32
YJR030C	64.93
YDR111C	94.35
YDR128W	65.63
YJL221C	98.23
YJL221C	98.27
YIL147C	65.99
YIL149C	69.38
YOR330C	78.28
YPL155C	68.26
YGL169W	90.37
YBR147W	81.44
YGR187C	91.63
YLR262C	84.61
YER070W	88.01
YJR140C	77.36
YPL225W	87.74
YPL081W	93.78
YGL167C	81.1
YGR050C	46.11
YJR161C	85.07
YBR246W	92.55
YLR296W	60.49
YPL266W	90.28
YMR157C	77.65
YBR002C	85.54
YLR234W	91.95
YMR110C	94.49
YGR035W-A	51.75
YGR217W	70.58
YKL191W	80.12
YDR065W	82.13
YHR024C	93.09
YKR042W	82.22
YHL043W	74.07
YLR096W	61.33
YOR142W	92.14
YGR068C	73.63
Q0075	81.9
YGR296W	64.24
YGR296W	63.73
YHL039W	92.13
YGR177C	91.88
YLR271W	77.15
YOR268C	52.9
YBR023C	74.71
YPR002W	94.65
YDL004W	85.15
YJL136C	95.75
YLR033W	68.27
YPL127C	73.88
YEL007W	54.05
YBL064C	87.81
YDL171C	88.02
YKR013W	66.88
YBL007C	57.8
YDR083W	78.44
YNL094W	75.33
YOR017W	78.44
YOR394W	53.01
YOR394W	51.96
YDR014W	69.08
YMR097C	84.15
YKR101W	77.69
YMR111C	68.73
YLR278C	55.41
YPR108W	82.5
YDR206W	70.14
YJL146W	65.25
YDR478W	72.94
YOR002W	91.72
YKL039W	79.56
YHR059W	87.07
YER115C	57.78
YOR194C	66.04
YKL214C	64.18
YLL055W	83.45
YNL001W	86.78
YHL048C-A	65.52
YIL106W	69.26
YGL068W	68.25
YPR172W	80.31
YML011C	89.71
YAR007C	84.65
YBL093C	68.53
YLR266C	79.66
YKL155C	81.97
YNL317W	79.79
YFR009W	78.21
YLL030C	50.22
YPR200C	96.29
YBL091C	87.27
YDR169C	60.75
YMR064W	82.83
YCL048W	82.75
YDR115W	78.5
YDL159W-A	71.09
YNL035C	90.29
YHR026W	89.86
YDL232W	91.38
YBR142W	73.82
YNL007C	81.21
YOR298C-A	80.18
YLR323C	65.25
YOL069W	80.59
YJL060W	96.1
YNL162W-A	83.14
YBR047W	79.81
YER076C	46.37
YBR238C	74.17
YLR007W	85.25
YOR014W	69.8
YDR432W	60.94
YLR406C-A	72.65
YBR067C	62.84
YEL021W	96.32
YFL045C	95.66
YBR010W	87.04
YOR346W	73.96
YGL018C	87.79
YKL116C	73.24
YKR089C	62.87
YML082W	83.79
YDL022C-A	53.83
YLL015W	82.35
YPL058C	81.76
YPL073C	36.27
YMR300C	90.95
YOR044W	56.75
YEL026W	96.58
YKR018C	88.32
YNR039C	64.82
YDR410C	92.58
YKR079C	90.02
YIL005W	88.11
YJL117W	87.18
YLR343W	88.55
YBL054W	60.46
YHR160C	53.31
YPR088C	73.31
YDL072C	75.88
YDL012C	55.82
YNL052W	89.82
YDR482C	83.98
YMR262W	93.67
YDL070W	68.87
YBR209W	69.45
YPL254W	67.59
YOR275C	89.66
YOR174W	69.69
YER040W	47.58
YGR126W	66.05
YBL060W	68.02
YDR064W	93.24
YGL065C	92.19
YKL027W	85.59
YGL014W	60.01
YDL135C	89.1
YGL100W	88.24
YLR210W	76.56
YDL077C	81.71
YBR025C	88.79
YMR031C	66.71
YLR058C	97.24
YGR288W	83.51
YMR016C	48.89
YMR066W	79.31
YHR085W	82.83
YNL002C	85.61
YOR336W	86.5
YIL169C	56.44
YOL094C	91.93
YEL016C	87.91
YLR145W	78.67
YFL068W	39.97
YFL068W	39.69
YFL068W	37.01
YHR113W	93.03
YLR080W	77.33
YMR007W	47.39
YGL174W	69.89
YDL033C	91.6
YLR443W	70.6
YOR122C	97.88
YJL149W	82.52
YKL100W-A	63.76
YOR256C	82.88
YAL030W	84.36
YDL031W	69.47
YCR002C	84.96
YMR201C	75.77
YDR398W	80.71
YLR325C	95.48
YKL035W	90.96
YER012W	96.21
YPR010C-A	78.62
YBR040W	80.24
YHR175W	67.56
YCR035C	85.71
YPL223C	47.08
YBR230C	57.62
YAR027W	78.04
YOL137W	84.21
YOR350C	76.67
YPR056W	81
YLL006W	71.29
YOR196C	77.22
YDR326C	56.71
YGR211W	79.11
YPR006C	90.72
YKL084W	93.59
YCR066W	66.99
YJR063W	83.69
YER190W	65.74
YMR232W	67.67
YGL204C	64.16
YDL052C	91.47
YER185W	78.6
YLR074C	88.11
YOR380W	83.18
YER189W	64.49
YMR200W	84.11
YEL060C	74.23
YFR018C	87.04
YMR297W	88.28
YDR536W	83.99
YGR270W	62.61
YDR397C	86.33
YEL052W	78.25
YLR191W	65.87
YNL311C	71.25
YKL207W	65.32
YDL116W	90.18
YAL055W	78.2
YIL004C	74.48
YJL164C	85.83
YER149C	69.74
YML026C	90.91
YML026C	90.81
YOL097W-A	47.13
YFR034C	60.79
YJL223C	70.41
YJL223C	70.33
YOR376W	46.83
YPR129W	64.69
Q0250	93.89
YJL079C	70.85
YOR369C	81.54
YNR007C	74.42
YLR364C-A	61.21
YHR148W	92.01
YPR199C	63.23
YDR028C	50.09
YPL062W	36.68
YPR113W	90.02
YGR204W	93.74
YPL166W	67.43
YDL007W	78.96
YML023C	83.29
YMR143W	95.51
YMR143W	95.35
YGR266W	91.83
YPR020W	89.6
YMR073C	85.49
YNL291C	81.87
YNL195C	43.17
YBL027W	95.19
YBL027W	95.25
YDR236C	86.11
YDR011W	80.18
YDR155C	98.24
YGL070C	84.09
YPL160W	90.66
YML069W	79.47
YNL087W	81.47
YOL132W	87.51
YGL225W	89.88
YER111C	57.43
YML050W	88.21
YDR414C	85.86
YDR026C	61.38
YIR014W	68.69
YLR288C	76.57
YPL147W	76.32
YDL073W	66.71
YGL120C	91.21
YAL060W	96.55
YNL217W	93.74
YIR033W	55.98
YLL001W	79.88
YKR066C	86.81
YLR409C	85.96
YHR208W	93.55
YNL029C	92.56
YHR001W	90.69
YLR099C	90.41
YLR131C	50.22
YER081W	89.86
YDL115C	65.77
YPL107W	78.56
YOR296W	77.08
YER010C	97.34
YLR362W	67.87
YJL106W	66.77
YOR260W	73.87
YBR261C	97.38
YIL105C	73.48
YPL169C	85.23
YDL145C	84.04
YJL171C	90.25
YNR028W	84.73
YER018C	89.89
YMR211W	89.78
YLR256W	58.07
YAL017W	57.88
YJL058C	57.87
YOR373W	58.94
YIL057C	90.77
YHR131C	54.84
YLR068W	90.4
YPR014C	43.73
YDL104C	88.49
YIL017C	86.66
YNL009W	95.39
YBR034C	95.31
YPR049C	68.51
YPL087W	93.69
YJL132W	87.79
YIL132C	89.04
YKL117W	76.39
YKL140W	78.23
YPR115W	55.63
YOR163W	88.9
YMR283C	85.66
YKL007W	92.26
YNL024C-A	74.06
YDL149W	61.97
YGR252W	83.52
YOR029W	32.82
YLR341W	58.57
YDR231C	73.99
YDR045C	82.67
YPL184C	73.72
YPR111W	75.87
YPR203W	44.36
YGL106W	89.94
YOL042W	93.39
YPR189W	83.49
YKL051W	77.85
YGR284C	75.16
YML078W	92.39
YOR316C	72.46
YOR326W	78.29
YLL054C	79.83
YOR293C-A	66.5
YCR032W	78.25
YAR018C	80.16
YMR142C	95.57
YOL036W	47.01
YGR032W	79.81
YOR072W-B	53.52
YKL022C	70.18
YIL070C	82.84
YPR034W	86.78
YPL189W	86.88
YJL172W	89.79
YOR332W	90.21
YMR203W	78.73
YDL075W	90.85
YEL076C	40.65
YNL334C	93.87
YMR077C	76.56
YOL002C	93.3
YDR415C	92.66
YNL295W	56.17
YDR339C	83.57
YPL246C	90.46
YNL192W	68.39
YDL213C	71.68
YKL148C	94.13
YCL059C	88.74
YHR086W-A	55.78
YLR186W	90.54
YOR193W	56.9
YJL093C	75.01
YJL163C	80.49
YJR153W	95.16
YMR284W	84.23
YBR101C	93.76
YMR089C	76.68
YER072W	79.63
YJL179W	93.67
YNL149C	74.56
YGR208W	94.38
YHR141C	93.63
YHR141C	93.56
YHR170W	82.45
YDR096W	54.38
YPL020C	63.08
YER093C	74.09
YGL016W	88.5
YLR143W	88.47
YNL071W	79.86
YKL038W	56.43
YLR368W	85.23
YGR255C	89.53
YLR393W	80.28
YDL019C	70.84
YDL022W	93.29
YHL021C	82.56
YCR079W	84.73
YOR243C	85.83
YOR126C	97.44
YDR391C	92.08
YJR080C	69.21
YMR134W	90.53
YOR070C	69.52
YKL125W	81.85
YOR328W	79.39
YLR176C	64.21
YNL308C	70.1
YGR146C-A	65.74
YJL037W	72.86
YDR091C	88.71
YHR078W	70.36
YGL194C	90.98
YJL104W	76.73
YAL063C	57.01
YPL255W	69.31
Q0017	56.53
YER178W	89.63
YJL050W	84.56
YHR007C-A	66.14
YLR126C	96.35
YLR099W-A	75.84
YPL196W	79.86
YPR135W	82.96
YGL138C	64.57
YHL044W	82.62
YER030W	66.15
YDR240C	73.29
YGR091W	77.33
YFR029W	77.28
YKL048C	67.14
YOL056W	90.86
YOR098C	42.66
YJL002C	86.73
YNL275W	76.18
YDL244W	96.26
YDR179C	94.07
YPL061W	97.68
YDL165W	88.31
YGR200C	90.62
YDL140C	81.18
YJR084W	90.83
YMR095C	93.18
YDR120C	86.1
YDR003W	62.61
YOL110W	86.53
YGR191W	80.65
YNR071C	96.16
YOR213C	83.41
YJR034W	87.27
YOR253W	87.86
YBL010C	68.38
YLR423C	88.57
YJR019C	91.86
YLR357W	69.73
YOR008C-A	61.13
YHR161C	63.18
YBR053C	94.17
YBL059C-A	87.68
YLR197W	81.73
YOL113W	69.99
YPL052W	79.82
YHR074W	95.36
YKR093W	82.13
YFL003C	77.18
YHR164C	69.16
YPR112C	71.3
YGL227W	60.14
YDR499W	77.34
YOR060C	82.1
YER128W	82.68
YLR187W	56.37
YJR093C	59.76
YKL201C	78.97
YPL186C	62.51
YCR021C	86.53
YOL076W	93.99
YPR148C	72.73
YBR255C-A	78.93
YGR081C	73.86
YJL201W	70.17
YGL243W	91.12
YJL161W	62.82
YGL194C-A	74.27
YGR148C	85
YDR166C	61.29
YDL092W	82.26
YMR099C	96.7
YFR041C	79.27
YJR021C	68.13
YMR132C	94.99
YFL059W	95.3
YGL136C	76.65
YBL042C	81.33
YBL039C	94
YFL062W	85.49
YGR276C	86.34
YKL224C	70.29
YPL280W	96.8
YML115C	80.09
YJL070C	75.28
YIL051C	91.99
YPR143W	68.3
YCL026C-A	97.66
YKL077W	81.28
YPL261C	46.48
YBR217W	75.7
YMR086W	48.71
YHR204W	87.23
YGL129C	90.49
YBR200W-A	52.6
YOR381W	88.32
YNL040W	92.4
YNL117W	97.22
YLL034C	72.43
YLL023C	89.45
YBL003C	90.1
YKR103W	81.02
YDL241W	48.23
YDL082W	93.08
YLR065C	73.96
YIL118W	84.02
YFR026C	32.96
YOR113W	43.16
YFL014W	61.57
YLL031C	87.1
YLR419W	76.67
YNL050C	69.28
YPL034W	79.49
YGR053C	70.58
YNL086W	88.54
YDR277C	72.53
YDR291W	80.78
YER003C	96.38
YGL224C	94.23
YMR044W	67.82
YGL193C	31.17
YNR070W	84.12
YIL097W	82.05
YOR273C	75.86
YPL116W	78.26
YNR067C	75.83
YPL131W	94.07
YDR475C	55.82
YGL020C	78.85
YKR104W	88.97
YDR244W	62.97
YDR407C	74.57
YDR382W	72.69
Q0144	71.02
YNL305C	80.89
YBR069C	80.21
YER163C	93.74
YPR017C	84.42
YLR405W	93.17
YGL189C	86.68
YDR102C	53.14
YBR056W-A	57.2
YMR222C	94.09
YJL029C	84.76
YCR104W	69.68
YDL188C	86.06
YGR122W	78.5
YNL015W	91.05
YKR024C	77.86
YGL003C	75.38
YPL012W	80.21
YAL046C	82.74
YJR010W	96.34
YDR405W	86.86
YNL146C-A	48.83
YCL001W	82.21
YHR163W	97.32
YDR443C	66.67
YDR059C	95.91
YJR151W-A	83.21
YDR144C	72.73
YDL157C	84.82
YBR009C	89.09
YFL066C	85.25
YOL147C	92.85
YOR338W	65.79
YIR034C	96.38
YEL005C	70.92
YIL109C	87.34
YDL058W	73.81
YJR144W	77
YLR157C-C	69.09
YLR157C-C	68.59
YLR157C-C	68.46
YLR157C-C	68.3
YGR210C	89.67
YHL046C	69.25
YPL017C	91.37
YOR178C	51.55
YAR020C	69.09
YHL004W	83.23
YNL063W	93.36
YBL038W	88.1
YDL155W	79.34
YOR188W	57.11
YDR147W	76.82
YDL191W	94.11
YDL191W	94.15
YNL294C	70.03
YNR046W	96.55
YOL159C	37.14
YBR081C	57.93
YFL047W	86.34
YFR032C-A	94.18
YMR321C	92.93
YNL167C	52.74
YNL280C	94.36
YER173W	74.96
YKR056W	83.01
YJL073W	83.67
YDL128W	87.59
YIL102C-A	81.02
YLR026C	70.63
YDR310C	63.27
YLR267W	79.23
YKL203C	75.77
YNR002C	80.24
YGR079W	54.49
YNL036W	96.57
YGL115W	92.94
YGL105W	86.06
YEL065W	80.14
YLR093C	73.94
YGR026W	83.82
YML131W	95.15
YPL010W	86.83
YNL075W	88.67
YOR382W	45.43
YEL055C	83.49
YGR087C	98.05
YKR057W	93.91
YOL071W	81.52
YER029C	76.35
YDL160C-A	85.24
YLR085C	89.3
YOR363C	72.81
YGR278W	79.31
YDR127W	89.66
YGR042W	67.75
YLR246W	82.31
YNR058W	96.08
YCR054C	88.31
YML038C	72.17
YCR046C	92.35
YDR497C	79.85
YGR043C	95.64
YKL133C	76.61
YOR069W	67.39
YLR433C	85.02
YOR075W	72.41
YGR110W	84.77
YGR089W	59.41
YPR173C	85.78
YFL044C	87.18
YIL105W-A	51.97
YPL233W	81.45
YPR024W	78.63
YGL158W	65.02
YFR011C	75.96
YBR007C	52.02
YKL122C	70.08
YML122C	43.14
YPL152W-A	68.5
YOR124C	82.9
YER089C	82.8
YGR262C	93.82
YLR227C	74.07
YDR201W	80.75
YGL200C	86.36
YJR094W-A	96.32
YJR094W-A	96.16
YIL084C	69.32
YCL001W-B	76.49
YGL117W	69.93
YGL186C	82.48
YGR010W	77.43
YLR012C	66.68
YHL009C	66.01
YLR111W	55.29
YLR152C	69.03
YLR370C	90.51
YMR036C	58.52
YML012W	90.9
YOL025W	80.97
YOR057W	77.06
YOR265W	96.89
YGR198W	88.47
YJL052W	98.24
YNL054W	48.12
YNR006W	67.32
YBR146W	88.73
YML100W	73.13
YPL187W	53.84
YGL058W	92.24
YNL261W	77.39
YOL127W	93.45
YOR107W	64.96
YGL226W	85.95
YGL055W	86.89
YIL039W	93.36
YLL026W	84.55
YGL184C	91.56
YDR163W	72.56
YLR289W	81.52
YDL146W	82.61
YBR171W	86.99
YPR191W	91.44
YER179W	91.05
YFR022W	65.41
YHR138C	87.09
YBL028C	79.72
YEL011W	96.09
YBR135W	91.3
YOL142W	92.89
YGL151W	74
YJR139C	96.34
YKR100C	55.43
YCR017C	89.3
YLL066W-B	53.93
YHR166C	80.57
YBR264C	86.57
YDR363W-A	72.11
YDL089W	63.36
YHR151C	84
YIR003W	56.19
YAR050W	56.03
YOR239W	65.08
YOL091W	62.83
YJR158W	83.99
YOR317W	92.69
YDR385W	89.98
YBR043C	73.13
YMR312W	88.74
YDR331W	80.29
YGR101W	75.75
YDR196C	91.27
YFR047C	96.29
YJL089W	68.3
YNL188W	53.3
YBL059W	65.7
YKR083C	74.69
YML112W	80.18
YOR370C	83.16
YDR116C	83.2
YDR001C	90
YLR114C	72.15
YDL230W	93.13
YDR160W	72.19
YER166W	75.48
YML099C	68.42
YML123C	87.75
YJL077W-B	78.18
YJL016W	70.9
YMR141C	56.62
YDR123C	68.14
YBR131W	62.77
YNL146W	60.77
YOR211C	75.77
YHL014C	87.89
YDR322W	93.23
YDR040C	80.41
YER061C	95.18
YDR025W	87.88
YDR025W	88.89
YIR031C	97.16
YDR046C	83.51
YMR236W	79.66
YDL057W	94.03
YDL248W	84.22
YCR097W	82.87
YFL051C	76.67
YPL063W	76.91
YER082C	88.13
YLR213C	87.1
YKL189W	87.97
YER118C	64.54
YJR007W	80.82
YER152C	95.57
YBR233W-A	78.58
YDR029W	63.47
YLR146C	95.39
YAR019C	74.28
YPR007C	51.37
YHR021C	92.04
YHR198C	80.15
YOR191W	65.02
YLR445W	78.12
YBR092C	93.5
YNL211C	82.08
YBR126C	93.07
YOL064C	94.6
YGL230C	54.15
YJR096W	97.9
YGR103W	75.47
YBR057C	63.28
YGR096W	87.13
YBR086C	66.75
YIL074C	89.78
YDR485C	58.57
YIL022W	70.77
YHL034C	66.02
YNR021W	87.67
YFL054C	64.08
YAR029W	66.51
YLL053C	95.68
YKL113C	91.59
YLR333C	83.13
YOL049W	94.1
YPR084W	71
YGR112W	76.14
YER107C	92.89
YHR124W	66.37
YPL149W	87.79
YIL030C	69.6
YMR204C	61.2
YAR002W	52.84
YBR281C	86.72
YJR065C	87.17
YNL201C	75.58
YNR033W	91.09
YNR034W	86.1
YDR408C	97.31
YMR011W	86.9
YOL043C	82.4
YDR038C	80.52
YDL204W	59.35
YDR019C	94.66
YHR011W	92.72
YML008C	90.49
YHR096C	83.19
YMR109W	78.01
YOR043W	75.21
YLR082C	47.23
YNL272C	64.33
YNL245C	77.17
YNR074C	95.18
YBL103C	57.32
YLR193C	93.14
YPL089C	51.04
YCR043C	65.74
YIL140W	66.64
YKL213C	89.48
YLL043W	63.38
YDR477W	70.11
YJL019W	62.12
YJR082C	72.21
YMR004W	81.01
YNL123W	88.97
YER020W	78.33
YOR104W	59.22
YJL181W	67.44
YLR337C	54.76
YHR185C	51.33
YLL066W-A	39.97
YLL066W-A	39.69
YLL066W-A	37.01
YLR039C	77.6
YDR254W	76.8
YLR457C	66.71
YER125W	76.13
YDR514C	84.36
YGL013C	73.7
YLR377C	92.86
YOL114C	85.51
YLR104W	85.91
YPR166C	93.27
YER122C	67.49
YLR319C	65.07
YHR190W	93.97
YKL154W	89.76
YGL076C	94.4
YKR063C	70.99
YPR167C	96.02
YIL031W	59.24
YJR095W	73.82
YLL003W	67.34
YPL231W	87.73
YDR296W	87.79
YMR158C-A	74.14
YPR025C	82.1
YLR004C	80.5
YOR220W	64.85
YLR407W	66.82
YLR336C	71.45
YOR378W	88.98
YPL098C	74.67
YBR159W	95.96
YLR430W	71.33
YBR118W	89.5
YHR075C	81.41
YKL163W	67.46
YMR216C	68.42
YLR436C	60.87
YGR067C	43.43
YMR159C	83.16
YJR086W	83.68
YDL216C	60.24
YLR347C	94.11
YLR324W	71.31
YKL174C	80.08
YBL004W	81.3
YFR024C-A	66.36
YOL059W	83.52
YPR147C	95.2
YBR163W	81.17
YGR094W	88.52
YMR272C	90.06
YDL100C	84.09
YLR460C	96.9
YMR106C	81.81
YBL013W	86.35
YLR113W	80.67
YGL226C-A	91.09
YGR045C	47.36
YNR016C	84.41
YGR175C	94.8
YBL112C	69.44
YFR045W	80.81
YLR046C	78.32
YER038W-A	52.64
YPL129W	86.36
YGL008C	77.81
YBR231C	74.63
YLR125W	56.91
YKL134C	90.37
YIL014W	90.5
YLR196W	81.69
YHR117W	82.63
YER057C	97.04
YML092C	94.06
YFR002W	80.71
YKR011C	70.43
YKL005C	59.21
YNL223W	73.23
YCR095W-A	75.12
YPR153W	85.74
YHR109W	89.15
YGR108W	72
YNR032C-A	97.22
YDL124W	96.93
YNL133C	79.33
YLR363W-A	75.98
YPR164W	70.73
YBL066C	62.31
YGR218W	89
YPL026C	77.39
YKL069W	93.32
YML104C	67.75
YML058W	67.41
YPR001W	92.61
YGR205W	95.68
YBR008C	84.93
YFL012W	33.02
YIL137C	92.13
YOR386W	93.62
YBL015W	96.11
YHR207C	75.93
YPL282C	53.01
YPL282C	51.96
YHR132W-A	67.39
YLL061W	82.5
YPR178W	85.83
YJL077C	42.14
YMR148W	71.76
YHR015W	67.81
Q0105	98.11
YOL027C	71.76
YDL227C	91.07
YHL015W	87.74
YEL033W	55.82
YBR038W	72.78
YHR090C	76.23
YKL006W	94.61
YDL111C	94.81
YBL018C	90.81
YLR119W	83.63
YPR061C	74.67
YIR037W	96.44
YMR168C	88.19
YKL187C	77.58
YML063W	86.64
YIL127C	80.16
YER006W	75.83
YGL073W	51.64
YNL178W	91.51
YNL065W	80.94
YDR324C	84.2
YDL170W	82.19
YDR317W	84.33
YOL155C	51.55
YDR436W	65.82
YLR163C	94.69
YBR253W	80.73
YPL180W	54.07
YHR189W	94.1
YIL143C	72.38
YDR208W	61.17
YIL079C	61.98
YKR035W-A	81.5
YLL014W	81.58
YHR001W-A	71.82
YKL182W	93.15
YHR108W	74.23
YPL019C	74.6
YDR386W	74.76
YFL033C	53.17
YIR008C	94.37
YHR006W	56.84
YMR008C	85.74
YBR058C	83.2
YDR504C	66.39
YAL039C	81.5
YJR006W	88.72
YNR043W	94.82
Q0143	55.16
YIL040W	78.47
YLR129W	84.9
YFL021W	52.12
YGL009C	89.82
YIL129C	72.14
YGL095C	87.77
YJR072C	78.61
YHR147C	91.88
YOR375C	96.26
YPL258C	94.05
YGL137W	88.64
YNL021W	88.84
YOR100C	84.84
YKL099C	88.37
YLR173W	81.01
YPL022W	72.44
YOL026C	66.14
YIL124W	95.07
YNL124W	63.5
YJL118W	38.12
YOL012C	87.31
YPL279C	89.88
YLR090W	76.45
YMR177W	69.46
YGR105W	84.87
YNL312W	76.42
YBL084C	71.74
YFL008W	81.71
YDL220C	68.57
YNL143C	53.75
YOR026W	93.46
YIL042C	81.11
YGR001C	89.85
YMR213W	74.79
YMR192W	72.52
YDR258C	79.54
YAL022C	79.2
YOR359W	56.08
YDR176W	64.6
YDL099W	63.47
YDR380W	93.49
YDL110C	76.78
YOR250C	91.57
YFL019C	35.99
Q0055	71.29
YDR148C	75.72
YER007W	87.04
YBR077C	90.13
YOL013C	71.18
YDL201W	90.41
YDL107W	90.8
YNL251C	71.67
YOR272W	83.87
YER078W-A	61.63
YPR193C	93.9
YJL184W	82.36
YGL173C	77.07
YPL001W	93.88
YGL086W	75.57
YPR083W	62.24
YGR223C	82.18
YMR014W	72.15
YMR020W	96.78
YDR515W	59.54
YEL002C	87.68
YKL179C	77.45
YAL011W	72.49
YMR208W	92.88
YBL087C	95.38
YBL087C	95.44
YNL299W	67.53
YPR195C	44.51
YJR133W	90.12
YCL009C	87.84
YLR259C	88.35
YOL164W-A	55.01
YGR077C	87
YOL082W	48.98
YBR098W	61.64
YLR219W	56.02
YDR378C	88.49
YLR401C	82.88
YGR285C	87.63
YHR092C	82.97
YML098W	74.87
YFR005C	89.5
YMR133W	60.67
YNR049C	56.88
YLL058W	93.27
YOR035C	88.62
YML028W	97.34
YNL163C	76.02
YPL057C	83.07
YHR080C	58.45
YEL064C	84.63
YDR473C	77.49
YLR177W	67.52
YJR025C	93.8
YGL080W	86.71
YDR403W	90.88
YGL207W	83.61
YGR261C	77.46
YBR239C	72.46
YMR285C	87.45
YDR268W	90.09
YER103W	89.63
YMR040W	87.4
YBR168W	75.37
YPL211W	93.4
YMR094W	79.66
YDR409W	61.74
YMR189W	93.79
YIL115C	59.12
YBL046W	63.4
YBR003W	78.22
YOL016C	76.66
YDR173C	82.09
YNR073C	96.16
YNR073C	96.09
YBR215W	54.94
YOR007C	78.68
YDR389W	60.83
YKL047W	82.79
YER007C-A	95.95
YLR415C	50.51
YNL127W	73.72
YHR022C	80.69
YKL049C	74.05
YML128C	64.82
YGL140C	70.11
YDR165W	91.25
YML022W	94.06
YKL220C	88.86
YKL183W	69.85
YLR467W	66.49
YLR467W	65.6
YLR467W	65.38
YDL113C	69.7
YLR302C	46.66
YGL078C	82.47
YBL025W	70.31
YMR299C	81.44
YGR164W	45.38
YGR150C	75.68
YKL181W	81.96
YPL041C	67.49
YDR086C	84.72
YBR105C	68.86
YJL095W	51.94
YKL088W	63.99
YDL021W	90.34
YDR023W	94.92
YHL027W	48.94
YBR200W	69.28
YCR014C	82.15
YPR003C	78.41
YLR185W	93.73
YPL181W	63.02
YOL160W	38.44
YER093C-A	82.42
YGL006W-A	76.55
YNL118C	52.4
YCL036W	81.66
YGR196C	49.11
YLR060W	94.11
YJR147W	73.91
YDR394W	82.12
YCR051W	82.41
YHL003C	84.56
YOR361C	86.48
YPR168W	91.18
YDR320C-A	95.98
YBR248C	95.27
YHR070W	87.21
YDR003W-A	56.13
YPL040C	91.17
YHR150W	66.5
YGL197W	56.95
YOL158C	83.36
YJL043W	50.27
YER120W	77.21
YMR227C	69.62
YBR145W	96.18
YMR119W	65.48
YGR136W	67.81
YFL022C	89.75
YDR183W	78.44
YER033C	47.06
YNL189W	87.45
YBL047C	57.74
YKL209C	80.24
YMR255W	65.19
YOR315W	57.03
YDR245W	79.3
YJL107C	60.55
YNL290W	90.79
YKR019C	56.07
YGR153W	43.49
YGL159W	90.75
YGR286C	91.57
YJL012C	82.68
YAL001C	71.42
YBL014C	68.65
YNL250W	78.65
YNL314W	68.86
YNL227C	70.74
YER054C	58.13
YBR062C	75.48
YDL154W	79.62
YDL184C	94.45
YDL184C	94.27
YOR010C	59.32
YDR153C	68.14
YMR024W	84.57
YNL218W	80.73
YPL070W	60.94
YBL092W	93.2
YGL254W	53.81
YHR133C	70.53
YPR159W	75.68
YML054C	86.06
YMR317W	36.31
YAL056W	67.58
YOR384W	88.49
YPL002C	82.39
YLR303W	94.87
YNL004W	65.19
YIL035C	95.15
YGR023W	53.95
YNR023W	69.12
YNL092W	92.85
YMR084W	84.6
YGL063W	93.99
YMR274C	92.22
YDR014W-A	71.1
YLL029W	87.46
YJR121W	86.35
YDR434W	83.98
YHR215W	93.74
YGL154C	88.98
YLR285C-A	68.81
YLR001C	84.62
YGL035C	50.8
YPL227C	92.15
YOR234C	97.25
YGR009C	61.88
YOR283W	90.56
YBR240C	71.06
YGR034W	95.64
YJL145W	92.28
YHL020C	62.4
YJL153C	95.2
YDL002C	78.64
YOR020W-A	61.75
YDR225W	90.36
YER164W	70.83
YHR101C	84.31
YJL088W	94.67
YMR215W	86.08
YDR418W	70.42
YDR418W	70.14
YOL045W	66.47
YCL045C	82.36
YPL067C	90.04
YHR046C	95.19
YIL176C	70.41
YIL176C	70.33
YBR251W	91.3
YNL233W	50.58
YPL236C	86.86
YPL151C	81.28
YGL064C	73.7
YMR277W	78.36
YJR064W	86.79
YOL128C	87.94
YCL005W	63.68
YPL234C	86.73
YNL155W	70.74
YOR360C	89.68
YDR224C	84.04
YER139C	82.89
YJL137C	77.8
YLR015W	84.21
YMR033W	90.11
YOL097C	92.65
YHR182W	70.65
YIL006W	74.22
YDR502C	97.43
YDR447C	88.44
YDL039C	29.44
YJL074C	80.74
YOR164C	93.42
YKL166C	84.24
YEL042W	85.94
YGR118W	93.82
YGR118W	94
YDL225W	71.15
YNL020C	66.08
YPL015C	85.84
YHR098C	85.35
YKL016C	80.87
YNL076W	53.45
YBR199W	93.12
YML041C	62.88
YJL111W	86.1
YKR086W	72.51
YLR432W	94.36
YDR259C	67.96
YIL048W	78.98
YBR128C	76.19
YBR139W	88.37
YLR081W	83.32
YPR035W	96.56
YMR305C	78.79
YNL200C	95.22
YGR277C	88.04
YNL177C	85.99
YNL077W	75.55
YOR175C	86.08
YPR037C	86.12
YPR184W	92.23
YPL135W	85.73
YPL215W	82.97
YMR315W-A	67.96
YMR237W	89.63
YNL293W	70.67
YDR495C	78.88
YCR088W	66.86
YKL141W	84.84
YDR357C	87.83
YNL098C	72.53
YML095C	77.72
YIL066C	89.26
YLR166C	65.4
YDR370C	83.62
YKL065C	79.71
YBR054W	85.09
YIR029W	95.21
YDR298C	82.59
YCR037C	71.78
YGR232W	97.96
YIR018C-A	83.46
YBL039W-B	71.05
YMR018W	66.95
YKL013C	93.66
YGR227W	92.12
YHR120W	82.34
YDR276C	89.13
YBR072W	70.41
YJL158C	78.27
YKL040C	83.13
YPL112C	77.26
YBR111C	90.33
YAL013W	65.4
YMR163C	55.67
YGL142C	91.28
YIL094C	92.43
YHL030W	81.64
YML027W	61.72
YJR016C	94.59
YNR004W	79.35
YGL143C	82.59
YNL049C	87.96
YCR077C	67.36
YLR383W	80.01
YGR222W	79.92
YDL247W	78.52
YOR086C	81.34
YGL045W	73.98
YBL001C	97.18
YGL253W	96.02
YIL103W	87.95
YKR061W	89.67
YKL096W	74.91
YDR406W	79.95
YNR019W	73.84
YOR242C	67.18
YJR099W	89.66
YGR257C	75.6
YDR273W	56.22
YKR050W	66.93
YER008C	66.6
YNL031C	87.04
YDR453C	97.42
YPL154C	86.54
YJL208C	85.39
YDR383C	74.02
YOR155C	88.89
YFL028C	85.46
YGL131C	70.65
YJL048C	62.82
YBR110W	93.4
YJL197W	74.91
YMR162C	70.78
YLR035C	65.35
YER114C	56.5
YDR375C	80.49
YMR158W	96
YOL019W-A	71.49
YMR210W	91.81
YER034W	72.23
YOL030W	83.58
YBL111C	68.22
YJR074W	87.05
YEL008W	35.04
YMR316C-A	63.87
YNL019C	57.45
YNL214W	73.07
YGR263C	87.83
YGL049C	60.28
YLR044C	98.42
YER014W	93.72
YOR323C	94.64
YDL161W	70.21
YIL155C	87.29
YMR241W	82.09
YDL051W	78.99
YER143W	79.26
YBL036C	93.96
YCR009C	90.15
YMR205C	89.68
YMR235C	93.7
YIL152W	44.56
YFL052W	85.11
YDR084C	83.86
YDL056W	68.47
YHR051W	86.47
YPR094W	90.78
YHR130C	63.52
YLR293C	90.23
YGR296C-B	38.49
YGR296C-B	40.27
YGR296C-B	39.19
YGR296C-B	39.12
YGR296C-B	37.69
YHR149C	49.79
YLR192C	68.75
YOL017W	66.84
YJL127C-B	74.18
YLR300W	93.79
YHR127W	70.92
YMR047C	50.3
YNL006W	91.87
YER053C-A	86.82
YHR194W	76.54
YOR233W	55.31
YPR074C	98.14
YNR030W	91.04
YDR344C	39.32
YDR320C	64.51
YLR098C	75.68
YPL056C	37.27
YLR448W	93.3
YLR381W	82.48
YGL202W	95.54
YDR221W	81.14
YMR259C	87.7
YMR175W-A	55.49
YHR213W-A	75.17
YNL038W	80.18
YMR281W	89.94
YCR098C	80.65
YGL258W-A	80.53
YNL090W	90.72
YER028C	47.68
YKL170W	92.79
YKR046C	71.2
YIL046W-A	68.16
YBR033W	59.49
YMR261C	74.16
YNL151C	63.88
YHR203C	94.98
YHR203C	94.98
YDR456W	73.51
YDL036C	86.52
YER048C	79.25
YKL210W	93.87
YDL217C	72.46
YBR096W	95.77
YGR133W	91.61
YER044C	95.66
YNL254C	67.71
YPL189C-A	69.43
YGR109C	79.54
YDR334W	63.76
YHR168W	77.16
YLR367W	93.08
YOR083W	57.93
YOL010W	94.76
YKR002W	91.57
YPR082C	93.35
YGR037C	95.35
YHR167W	75.06
YAL064W	54.49
YEL039C	95.23
YDL049C	78.03
YAR071W	93.62
YPR133C	71.68
YGL077C	79.99
YNR008W	79.26
YOR118W	86.25
YKL015W	67.93
YGR111W	94.69
YPL047W	88.94
YBR030W	84.94
YJL078C	45.64
YDL164C	80.06
YIL002C	84.44
YNR038W	74.43
YLR309C	77.07
YHR050W	76.19
YBL076C	91.2
YMR026C	77.59
YLR299W	88.19
YLR224W	82.13
YGR016W	71.02
YLR029C	96.36
YER053C	90.59
YGR245C	72.77
YOR128C	92.41
YDR384C	81.01
YML010W	64.35
YOL125W	89.02
YOL004W	63.46
YJL165C	60.04
YLR373C	72.76
YDR093W	75.41
YDR071C	94.57
YBR256C	96.15
YMR150C	85.04
YHR112C	96.74
YPL077C	57.78
YOR177C	59.23
YIL156W	64.4
YOR166C	72.59
YDL143W	88.51
YOR006C	76.57
YOR324C	54.37
YKL009W	91.99
YIR012W	90.33
YGR287C	98.38
YLR092W	78.08
YNL307C	91.27
YNL131W	75.83
YLL018C-A	83.2
YDR032C	97.62
YKL108W	63.49
YPL272C	80.05
YMR067C	74.57
YMR179W	51.79
YNL265C	79.01
YOL024W	51.62
YOR033C	68.71
YOL033W	89.45
YMR126C	72.55
YOL070C	57.22
YOR116C	86.96
YGL244W	74.93
YGL057C	60.5
YBR162W-A	84.79
YNL175C	75.78
YNL042W	63.23
YIL112W	60
YDR063W	93.35
YOL067C	75.75
YOR145C	77.41
YKR097W	93.36
YDL166C	92.86
YLR066W	89.04
YGL187C	85.63
YBR156C	54.49
YOR304C-A	79.43
YPR108W-A	58.01
YOR192C	84.79
YML032C	66.72
YNL022C	87.53
YJR117W	92.4
YBL008W-A	73.04
YBR297W	84.04
YLR146W-A	89.57
YER155C	63.35
YML018C	83.97
YHR027C	63.11
YDR004W	73.54
YNL056W	90.48
YGR180C	86.34
YML081W	57.55
YGR116W	80.82
YDR151C	63.63
YDR037W	91.3
YLR175W	82.38
YER050C	82.57
YGL181W	74.93
YMR003W	67.04
YDL175C	60.64
YHR214C-E	41.98
YER031C	83.14
YAR033W	79.83
YGR202C	72.47
YPR070W	71.31
YKL071W	94.69
YOL109W	66.23
YJR057W	95.13
YMR221C	86.1
YPL176C	87.49
YDR286C	89.22
YJR160C	79.21
YER037W	87.2
YKL075C	71.05
YOR078W	75.01
YGL127C	79.68
YGR203W	95.39
YMR257C	80.58
YPL220W	78.08
YPL220W	77.85
YOR134W	68.68
YAR069C	43.68
YKL206C	88.45
YDR172W	71.61
YNL011C	86.94
YOR131C	93.27
YGL150C	64.54
YEL049W	70.42
YML068W	89.24
YKL195W	57.14
YNL329C	82.51
YKL130C	93.36
YNL074C	49.22
YLR158C	92.16
YLR158C	92.34
YLR158C	92.23
YLR158C	92.58
YLL051C	87.16
YBR189W	93.72
YEL006W	79.14
YKL064W	56.77
YJL134W	90.04
YOR368W	73.64
YCR073W-A	86.72
YOL111C	79.07
YDL174C	88.21
YER100W	88.13
YJL219W	83.81
YJL081C	85.44
YOR168W	91.27
YOR226C	85.81
YPL065W	82.67
YJL054W	77.2
YPL074W	70.52
YDR080W	74.88
YCR039C	76.71
YCR039C	76.56
YER181C	68.42
YNL093W	82.27
YJR137C	85.04
YDR503C	90.85
YLR314C	75.2
YDR069C	73.17
YBR011C	97.74
YMR117C	78.46
YGR134W	71.07
YLR438C-A	91.36
YLR209C	94.32
YLR019W	67.25
YNR047W	57.48
YOL162W	86.41
YER015W	91.86
YDR047W	96.9
YFR008W	76.31
YGR095C	94.92
YKR026C	90.37
YER129W	53.4
YDR215C	37.48
YGR214W	87.58
YMR060C	85.36
YDR267C	96.17
YDR142C	92.29
YPL032C	69.04
YNL183C	59.64
YKL188C	72.43
YPL167C	81.05
YLR353W	46.07
Q0032	73.8
YCL032W	68.53
YDL212W	90.83
YLR361C	90.2
YBL041W	94.83
YMR144W	64.68
YGR269W	33.48
YKL196C	84.21
YLL033W	82.75
YBL081W	44.89
YOR334W	75.89
YPR185W	59.04
YJL038C	70.35
YMR068W	55.76
YNL238W	79.04
YDR249C	78.5
YFL002C	83.08
YLR389C	91.19
YJR056C	69.37
YJL072C	86.41
YOR241W	87.58
YGL263W	76.38
YJR152W	79.59
YLR438W	96.98
YLR290C	87.38
YOR245C	79.58
YPL038W	62.92
YLR270W	93.68
YOL009C	83.47
YLR194C	36.47
YOR153W	80.73
YGR057C	86.99
YOR358W	72.13
YPR145W	94.74
YBR089C-A	76.29
YPL165C	93.94
YDL209C	81.91
YFL055W	83.07
YBR296C	85.11
YHR214W	75.29
YHR214W	75.08
YNL154C	74.83
YDR044W	94.53
YNL267W	66.56
YHR188C	88.05
YLR006C	49.06
YPL193W	54.32
YGR007W	95.74
YDR311W	72.72
YJL192C	83.4
YKR105C	82.37
YGR241C	66.7
YPL003W	89.66
YEL072W	90.57
YLR223C	52.21
YDR222W	86.3
YJR001W	73.73
YLR195C	92.56
YKL109W	44.67
YEL075C	65.17
YER048W-A	89.09
YHL023C	62.48
YJR110W	83.95
YFL034C-B	67.49
YML097C	80.81
YOR267C	63.03
YPL178W	83.76
YER051W	84.46
YJL190C	92.41
YCR076C	65.7
YER171W	85.92
YFR023W	72.91
YLL067W-A	39.97
YLL067W-A	39.69
YLL067W-A	37.01
YDR207C	49.6
YDL005C	58.58
YPL013C	85.72
YDR295C	77.24
YAL054C	90.93
YLR398C	82.26
YOR081C	69.86
YNL014W	82.02
YLR418C	80.66
YMR182C	61.18
YOL145C	80.41
YPR042C	59.9
YDL208W	78.55
YER078C	90.83
YGR127W	90.1
YOL156W	83.5
YMR295C	69.01
YAL067C	77.89
YGL219C	57.96
YBL040C	88.11
YKR071C	71.84
YOR322C	66.1
YER169W	66.19
YMR181C	60.35
YML080W	90.59
YLR010C	79.15
YMR194C-B	91.17
YLR307W	89.14
YGL061C	66.37
YOL044W	75.24
YGR083C	72.13
YMR140W	77.01
YHR196W	77.76
YPL103C	85.77
YBR165W	70.17
YMR058W	93.22
YOR054C	56.59
YPR028W	86.39
YLR356W	56.65
YBL026W	93.54
YDR135C	83.15
YFR001W	82.77
YGL038C	88.28
YCL057C-A	67.7
YOL031C	82.9
YMR076C	85.1
YPR089W	74.2
YLR431C	71.04
YOR034C-A	52.37
YAL059W	72.9
YLR109W	96.34
YOR306C	79.89
YPL075W	60.77
YIR026C	85.92
YKL168C	63.95
YOR261C	84.02
YFL023W	59.8
YMR239C	79.35
YDL114W	82.98
YGL047W	68.8
YFL020C	72.26
YGR244C	90.85
YLR364W	91.74
YEL003W	93.39
YCR053W	95.57
YGR289C	82.76
YLR083C	86.38
YCL008C	81.69
YLR274W	76.73
YLR413W	80.05
YPR196W	84.39
YGL089C	67.37
YLR412C-A	74.73
YMR114C	75.08
YJL099W	87.83
YMR009W	94.72
YEL017C-A	84.69
YNL078W	53.06
YBR082C	95.6
YLR340W	81.35
YGL180W	64
Q0115	84.89
YCR072C	91.75
YMR088C	84.63
YBR280C	80.96
YBR061C	86.43
YLR055C	78.58
YKL102C	51.72
YLR254C	80.47
YJL090C	68.99
YDR247W	78.49
YBL016W	91.84
YIR025W	58.02
YNL209W	92.25
YMR253C	75.84
YHR177W	61.92
YCR057C	88.49
YMR103C	53.6
YAL005C	89.65
YER133W	94.79
YOR293W	88.52
YKR090W	55.58
YIR042C	96.88
Q0297	64.03
YCL044C	74.37
YBR175W	93.18
YGR146C	53.06
YMR254C	55.65
YJL055W	85.88
YGL149W	64.63
YLR121C	80.33
YJL085W	89.2
YBR029C	84.27
YGL242C	90.96
YCL033C	81.54
YNL253W	86.33
YOR062C	57.94
YOR339C	94.16
YNL173C	60.46
YDL197C	59.6
YBL057C	79.91
YER060W	86.11
YKR036C	68.85
YCL030C	91.34
YDR229W	68.09
YCL068C	54.44
YPL024W	79.28
YER186C	52.93
YBR298C-A	59.74
YJR109C	92.82
YBR192W	75.29
YMR303C	96.95
YIL075C	83.52
YGR106C	71.98
YCL035C	96.83
YGR004W	72.93
YKR084C	83.32
YGR209C	97.02
YHR174W	97.64
YCR008W	65.03
YKL216W	97.21
YPR008W	50.14
YJL167W	95.74
YER188W	40.88
YPR071W	74.52
YNL066W	79.18
YMR316W	82.51
YOR067C	88.38
YGR052W	79.76
YEL045C	59.24
YLL042C	92.33
YGR158C	86.33
YGR003W	84.34
YJL127C	64.82
YOR094W	92.1
YBR302C	86.27
YBR302C	86.34
YML017W	58.41
YLR157W-D	53.96
YHR199C-A	86.64
YNL321W	68.59
YPR062W	97.52
YJR004C	63.16
YLR211C	73.01
YKR055W	72.76
YBR254C	84.37
YOL135C	80.94
YOL105C	60.22
YHR034C	74.57
YDR027C	70.41
YPL277C	81.54
YGR219W	56.26
YGL247W	73.28
YDL106C	63.13
YBR204C	89.89
YHR179W	98.34
YER022W	70
YDR404C	94.76
YMR104C	77.95
YBR220C	83.29
YJL036W	84.99
YOR197W	74.98
YGR170W	69.15
YDR256C	96.53
YMR309C	77.72
YFL067W	64.88
YOL104C	75.48
YDR518W	89.64
YBR222C	92.02
YKL219W	81.47
YLR105C	86.64
YLR142W	84.62
YNR054C	74.07
YDR055W	82.65
YOR262W	83.81
YCR091W	61.66
YBR290W	66.73
YER157W	65.49
YBR162C	79.87
YLR376C	83.42
YFR031C-A	95.57
YFR031C-A	95.79
YLR318W	89.77
YDL087C	83.6
YGR246C	72.5
YDR177W	85.56
YMR155W	77.97
YFL010C	58.03
YBR167C	87
YMR313C	76.03
YPR125W	75.19
YPR131C	93.39
YHR014W	45.91
YJL168C	78.78
YDL014W	80.06
YOR167C	91.46
YDR289C	70.14
YNR072W	84.72
YNR076W	70.12
YNR076W	70.38
YDL159W	69.43
YKL020C	57.7
YLR239C	87.49
YBL033C	81.77
YER014C-A	37.42
YDR532C	70.72
YOL015W	44.97
YJR036C	80.15
YBR228W	91.31
YNR031C	64.51
YHR171W	91.74
YGL183C	85.57
YEL076C-A	42.47
YEL076C-A	44.76
YMR028W	83.6
YDR137W	74.34
YBR263W	94.84
YJL162C	59.35
YEL038W	95.29
YDL153C	68.69
YJR106W	73.12
YKL178C	72.13
YBR250W	78.76
YPL221W	74.13
YKL067W	96.49
Q0130	95.3
YHR121W	87.17
YKL097C	40.51
YPR073C	97.16
YDR393W	69.51
YCR108C	49.53
YNL110C	77.53
YNL232W	77.28
YJR043C	69.33
YDR506C	88.1
YDL219W	97.46
YOR161C	80.56
YDL090C	91.42
YKL095W	78.58
YOR393W	97.23
YOR393W	97.26
YMR154C	88.68
YPL262W	94.22
YOR105W	63.18
YCR042C	76.39
YHR116W	79.16
YIL063C	68.07
YKR031C	68.34
YLR262C-A	71.01
YNL262W	80.11
YNL142W	88.45
YDR033W	86.58
YGR204C-A	86.59
YIL018W	95.57
YIL018W	95.79
YGR039W	64.31
YHR087W	81.82
YHR176W	92.89
YIL027C	80.39
YKR088C	76.01
YGL059W	76.21
YBR272C	90.47
YOR210W	94.7
YOL087C	69.11
YGL123W	87.99
YML096W	91.88
YML016C	66.28
YGL099W	76
YML006C	51.61
YMR178W	93.88
YOR127W	57.46
YAL035W	73.86
YDR035W	96.92
YML109W	49.73
YAL008W	59.36
YHR173C	50.46
YBR120C	80.85
YBR084C-A	95.19
YBR084C-A	95.25
YOR184W	97.52
YKL151C	93.7
YLR452C	75.02
YJR066W	76.15
YER066W	93.59
YOR150W	91.34
YOR179C	80.97
YOR340C	72.88
YNL129W	94.42
YML015C	79.81
YOR354C	84.5
YLR372W	85.78
YMR197C	86.1
YKL105C	54.44
YGR102C	78.31
YDR332W	75.4
YML014W	87.19
YBR301W	70.98
YBR076W	67.95
YPR036W	84.71
YNR014W	54
YOR217W	72.04
YOR298W	75.97
YIL085C	86.9
YDR510W	78.29
YNL005C	91.81
YPL031C	88.24
YER098W	70.05
YBR210W	94.09
YLR154W-C	58.89
YPL237W	69.42
YGL233W	59.71
YDL055C	96.06
YJL001W	94.27
YHL010C	68.97
YML106W	92.56
YJR061W	88.41
YOL006C	84.67
YOR259C	82.3
YDR480W	59.29
YOR320C	91.49
YJL212C	86.59
YHR102W	52.07
YGL056C	70.94
YDL103C	95.05
YLR363C	87
YDL085C-A	83.63
YGR104C	74.3
YFL053W	94.51
YBR106W	85.37
YML025C	89.31
YGR240C	88.87
YJL024C	79.11
YGR243W	76.6
YNL335W	98.53
YNL335W	98.54
YEL035C	43.62
YBR005W	62.49
YKL150W	89.69
YLR207W	80.48
YPL053C	92.47
YFR030W	91.27
YPR109W	67.65
YPR159C-A	83.91
YMR193W	92.75
YOR222W	86.58
YLR312W-A	86
YAL020C	94.6
YJR125C	66.21
YGR275W	62.84
YGL088W	62.95
YJR051W	96.23
YGR020C	91.57
YGR100W	78.12
YDR350C	76.58
YHR063C	95.06
YER063W	71.86
YLR188W	82.47
YBR153W	95.09
YAL032C	72.99
YER127W	74.78
YLR011W	95.42
YBR132C	81.75
YML052W	80.1
YCL055W	85.24
YOL165C	89.3
YPL122C	80.21
YLR159W	41.9
YLR159W	40.16
YLR159W	40.88
YPL085W	44.86
YML079W	94.93
YER154W	75.61
YOL007C	62.9
YOR307C	71.73
YGR231C	84.03
YDR342C	83.41
YAL015C	81.02
YHR050W-A	56.97
YGR215W	90.87
YLR328W	76.94
YAL028W	61.17
YOL051W	59.99
YML047C	72.55
YFR003C	71.13
YKL023C-A	64.84
YHL017W	79.1
YGR018C	40.74
YFL039C	95.78
YGL212W	70.33
YOR091W	76.41
YJR112W-A	89.95
YAL065C	47.03
YJR050W	83.19
YJR011C	84.43
YDR087C	87.07
YPR104C	56.37
YBR166C	91.05
YLR241W	81.54
YNL240C	81.12
YOR079C	86.83
YLR245C	96.64
YOL022C	77.03
YAL009W	84.2
YNL318C	80.59
YDL236W	95.39
YGL066W	64.72
YJR136C	86.47
YJL200C	94.71
YHL035C	78.56
YDR012W	95.79
YDL121C	72.51
YKL138C-A	92.18
YNL256W	86.99
YDR525W-A	74.36
YIL008W	94.94
YLR360W	72.99
YCR003W	81.61
YOR278W	90.07
YER032W	50.98
YLR205C	86.6
YDL190C	90.61
YBR221W-A	76.11
YPR186C	64.33
YDL047W	94
YDR099W	91.93
YJL170C	73.13
YPR201W	82.22
YBR161W	82.8
YMR174C	76.5
YHR043C	95.7
YDR092W	94.68
YDR164C	85.43
YBR109C	80.28
YPL138C	88.05
YOL148C	64.34
YIL076W	93.06
YGL060W	84.33
YGL185C	92.86
YPR030W	57.43
YJL129C	56.73
YOL078W	54.38
YJR112W	87.19
YIL029C	57.21
YER180C-A	80.67
YIR023W	67.41
YEL071W	96.12
YDR058C	80.54
YJR103W	94.41
YHR115C	71.15
YNL012W	80.14
YLR161W	41.9
YLR161W	40.16
YLR161W	40.88
YBR255W	58.04
YJL044C	75.34
YDL020C	55.61
YBR205W	93.04
YLR287C	87.56
YDL025C	65.85
YBR296C-A	71.88
YGR145W	75.24
YNR029C	74.61
YDR374C	72.89
YHL007C	58.03
YJL157C	61.75
YKL082C	75.12
YCR022C	34.48
YDL207W	80.71
YDR270W	78.47
YCR089W	38.09
YMR218C	87.26
YOR089C	87.56
YMR315W	96.71
YMR001C	79.27
YDR152W	79.41
YDL148C	78.52
YOL098C	93.9
YJR142W	96.87
YLR410W	78.1
YOR171C	75.59
YBL043W	62.51
YJL034W	85.28
YEL057C	33.62
YNL130C-A	68.59
YOL089C	73.04
YAR014C	55.57
YNL107W	88.52
YHR018C	95.73
YLR097C	85.52
YLR397C	75.56
YEL069C	84.18
YLR120C	76.23
YDR379C-A	92.34
YLR335W	56.83
YNR065C	79.23
YNL332W	96.14
YKR070W	96.29
YGL011C	95.05
YGR147C	65.61
YGR036C	91.47
YJL183W	87.61
YNL023C	79.79
YOR095C	96.79
YJR031C	82.1
YLR399C	69.85
YML121W	91.76
YGL122C	71.26
YDR218C	74.67
YDL018C	83.5
YMR085W	90.32
YHR076W	84.31
YJL066C	66.21
YMR105W-A	48.82
YBR130C	70.28
YKR021W	60.8
YOL146W	83.92
YOR224C	86.93
YMR122C	37.63
YFL029C	90.93
YOR302W	70.5
YGL261C	69.25
YGL261C	70.3
YGL261C	70.11
YLR453C	79
YJR077C	89.27
YDR507C	58.67
YBR122C	71.13
YLL057C	90.08
YMR217W	89.81
YDL003W	57.35
YLR388W	94.18
YPR190C	80.65
YPL043W	74.4
YNR056C	86.2
YEL043W	60.54
YKR016W	74.27
YGR099W	81.88
YGR046W	80.49
YDR524C-B	60.35
YFL030W	97.02
YMR298W	87.23
YDR371W	87.83
YBR295W	67.47
YNL186W	63.98
YLR249W	82.32
YER096W	62.32
YER017C	75.71
YFL058W	96.25
YML042W	92.85
YEL019C	87.32
YDR359C	60.06
YMR320W	58.15
YFL016C	76.46
YDL180W	60.97
YLR151C	87.21
YHL019C	74.5
YGL188C-A	52.39
YNL153C	90.33
YPL108W	79.05
YMR287C	85.3
YNL130C	91.89
YCL016C	92.08
YBR004C	92.3
YIL053W	96.37
YLR260W	72.72
YHR061C	55.29
YNL088W	78.29
YLL010C	66.55
YGR216C	82.71
YBR202W	76.97
YER009W	94.75
YDL133W	62.49
YAL036C	85.83
YMR289W	90.47
YKR059W	88.64
YGR047C	76.34
YKR069W	79.76
YOR286W	90.99
YJL136W-A	86.81
YOR046C	82.98
YPL105C	59.24
YDR335W	85.17
YLR133W	77.42
YNL216W	68.04
YLR329W	83.27
YIL101C	60.52
YDR351W	60.31
YDL150W	63.09
YBR001C	89.45
YKR053C	89.27
YIL120W	83.34
YPL168W	62.08
YFR040W	70.04
YOR388C	97.33
YML048W	87.7
YOR228C	78.79
YGR238C	71.64
YLL011W	86.83
YPR018W	68.48
YOL112W	80.37
YGR282C	93.57
YER104W	70.21
YOR141C	78.02
YPR132W	93.82
YPR132W	94
YCL031C	81.1
YNL108C	94.37
YLR384C	87.41
YKL218C	95.46
YCL048W-A	58.01
YDL177C	84.79
YJR010C-A	90.83
YMR250W	87.66
YOL131W	68.75
YPR137W	83.86
YLR203C	84.51
YPL219W	65.77
YBL113C	47.72
YMR230W-A	42.74
YNL252C	86.75
YDR171W	61.71
YDR364C	76.14
YBR288C	83.56
YLR156C-A	69.09
YLR156C-A	68.59
YLR156C-A	68.46
YLR156C-A	68.3
YKL167C	95.06
YCR018C	59.72
YBR282W	93.06
YJR033C	81.89
YER067W	92.84
YDR309C	54.16
YBL072C	92.37
YBL072C	92.41
YFL041W	93.57
YOL143C	94.99
YLR394W	60.56
YCR087C-A	72.33
YBR103W	82.54
YOR172W	79.28
YDL239C	65.23
YJL068C	98.09
YDL156W	84.69
YBR107C	88.31
YJL112W	64.04
YMR124W	51.03
YBL024W	84.98
YMR311C	68.1
YKL142W	72.47
YJL039C	84.91
YOR149C	91.31
YDR524W-C	77.56
YJL180C	87.52
YLR021W	77.99
YBR188C	64.19
YJL147C	73.06
YPL029W	78.87
YGR169C	90.61
YLR331C	71.95
YLR450W	77.83
YMR322C	96.59
YDL085W	90.45
YLR157W-E	54.25
YJR116W	92.57
YDR300C	85.73
YGR063C	95.41
YPL113C	93.05
YKL011C	87.07
YLR390W	63.28
YDL168W	96.46
YPL190C	59.1
YKL160W	72.83
YPL241C	81.53
YHR068W	95.14
YGR256W	96.71
YOL164W	94.22
YPL281C	97.23
YPL281C	97.26
YLR291C	86.49
YPL023C	83.02
YJL025W	73.68
YPR043W	96.32
YPR043W	96.16
YKL144C	84.97
YML119W	48.26
YOR011W	80.29
YGL036W	64.41
YHR218W-A	69.44
YKL055C	89.69
YBL075C	89.1
YPR116W	75.11
YER044C-A	77.4
YHR037W	95.36
YLR408C	83.16
YHR012W	75.8
YGR192C	98.08
YOR071C	86.05
YNL181W	91.05
YDR195W	64.33
YGL191W	91.57
YDR321W	86.9
YLR240W	79.1
YJR062C	94.76
YKR043C	92.7
YOR022C	70.67
YOR125C	88.63
YGR013W	70.55
YBR102C	67.93
YNL197C	55.86
YHR144C	88.96
YER101C	88.73
YDR237W	93.04
YDL127W	71.41
YOL141W	92.25
YER121W	50.07
YNL064C	82.94
YNL202W	93.91
YGR123C	94.52
YHR077C	78.23
YOR101W	73.38
YKR039W	85.45
YOR383C	46.91
YPL252C	78.69
YHR156C	68.22
YDR107C	85.13
YLR018C	58.2
YLR344W	94.27
YPR047W	91.3
YDR472W	70.68
YDL030W	88.08
YGL209W	49.52
Q0092	75.81
YOR056C	73.89
YJR090C	73.85
YKL019W	95.89
YML043C	62.54
YOL075C	80.69
YBR006W	96.93
YNL283C	61.01
YML046W	86.97
YKL184W	89.62
YOR246C	90.81
YLR412W	84.25
YML004C	95.48
YAL002W	74.55
YDR468C	74.03
YER019C-A	72.18
YLR447C	83.54
YBL051C	55.51
YOR042W	61.29
YLR361C-A	70.15
YDL084W	87.16
YDL203C	71.64
YOR236W	95.52
YPL119C-A	47.97
YMR071C	86.37
YOR183W	59.45
YBR196C	97.01
YPL194W	67.44
YJR035W	68.81
YGL163C	71.05
YPL157W	86.56
YKR029C	62.91
YDR285W	70.41
YAL021C	77.05
YDL229W	92.05
YDR329C	84.38
YJL174W	78.14
YFL036W	77.71
YDR034C	69.08
YJL203W	78
YPL177C	61.56
YLR112W	36.86
YNL147W	79.79
YOR176W	91.17
YLR435W	81.2
YIL164C	96.98
YLR084C	85.21
YHR036W	59.82
YKL176C	63.25
YMR229C	77.08
YOR238W	95.09
YOR367W	85.09
YOR297C	75.56
YDR009W	92.32
YPR165W	88.91
YJL014W	90.87
YKL033W-A	95.82
YGL178W	63.73
YMR063W	72.13
YBL031W	58.55
YOR310C	79.04
YGL092W	64.57
YPL037C	76.16
YPR093C	80.05
YGR132C	85.13
YFR053C	95.79
YJL027C	35.22
YFL048C	79.22
YDR488C	72.62
YNL286W	77.11
YPR066W	92.57
YGL208W	64.83
YDR103W	58.97
YMR301C	86.04
YMR276W	70.83
YPL247C	74.17
YPL101W	79.92
YPL064C	68.46
YEL050C	85.85
YLR091W	86.9
YOR063W	96.45
YJR149W	90.95
YNL322C	66.56
YGR059W	74.98
YKL090W	69.02
YER062C	97.83
YIL096C	83.79
YMR002W	62.71
YDR336W	75.8
YLR275W	90.17
YCL010C	81.23
YHR091C	85.18
YKR041W	70.24
YAL061W	94
YML081C-A	95.13
YDL101C	78.84
YDR162C	61.88
YNL158W	81.19
YKL010C	75.79
YLR102C	65.61
YDR312W	70.55
YDL061C	94.2
YML019W	89.19
YCR001W	56.56
YKL032C	58.59
YLR263W	63.85
YPL256C	69.89
YPL099C	74.02
YMR176W	76.76
YDL040C	91.75
YHR052W	80.38
YGR128C	77.01
YDR145W	69.22
YBL100W-C	63.45
YIL160C	96.4
YML108W	75.65
YMR198W	75.08
YGL246C	93.56
YDR124W	72.66
YHR123W	92.49
YDL231C	76.17
YHR009C	82.58
YGL190C	81.11
YGR033C	79.07
YKR051W	82.24
YML094W	89.93
YMR006C	82.44
YGL112C	75.55
YDR190C	86.16
YOR189W	68.88
YIL134C-A	67.57
YAR023C	80.25
YBR236C	84.36
YOL129W	69.94
YOR280C	86.87
YOR037W	86.36
YDL064W	96.63
YML003W	82.5
YNL168C	96.01
YIL062C	93.73
YKR098C	72.37
YLR459W	94.79
YGL001C	94.97
YJR154W	92.25
YFR057W	65.96
YLR316C	91.52
YBR276C	79.98
YDR463W	58.99
YOR090C	78.02
YAL034C	60.6
YGR168C	69.01
YGL093W	54.92
YJR075W	85.45
YLR277C	82.55
YPR023C	77.58
YGR120C	77.35
YIL151C	74.09
YDR449C	82.71
YML093W	65.07
YMR116C	93.45
YMR196W	86.63
YHL018W	91.28
YPL093W	83.87
YGR027C	81.23
YJR052W	81.54
YML053C	41.07
YLR229C	93.38
YER016W	74.17
YBR036C	74.46
YDL035C	61.06
YPL134C	89.6
YBR045C	47.24
YML009C	93.2
YGL259W	45.87
YDR074W	88.55
YDR525W	65.7
YMR070W	52.96
YOR313C	64.82
YKL175W	60.56
YPL153C	73.57
YMR219W	35.72
YIL059C	44.35
YBR291C	85.68
YOL032W	74.95
YPL222W	91.35
YGR294W	71.45
YGR124W	94.54
YML037C	56.27
YGL103W	94.14
YIR030C	94.63
YGL062W	90.43
YDR257C	90.94
YHL012W	85.99
YOR158W	81.58
YOR162C	78.5
YNL259C	97.55
YPR075C	61.39
YGR049W	67.71
YBR137W	96.64
YHR211W	58.22
YHR155W	76.5
YDR402C	94.77
YBR079C	79.65
YDR450W	90.91
YDR450W	90.81
YKL120W	87.79
YDR376W	94.4
YJR126C	89.09
YBR017C	91.32
YNR022C	81.31
YNR077C	52.14
YEL025C	49.66
YPL118W	77.52
YBL044W	45.37
YMR280C	54.77
YLR048W	86.87
YDR161W	91.71
YBL023C	74.78
YCL018W	96.64
YOL092W	80.77
YDR090C	74.05
YMR170C	97.49
YPL239W	88.19
YHR139C	78.13
YJL005W	67.12
YHR032W-A	52.01
YKL222C	81.1
YJL206C	71.13
YOL061W	72.97
YJL100W	71.69
YMR123W	68.75
YNL068C	56.7
YOR232W	80.28
YGR076C	93.49
YBR127C	85.83
YCR073C	70.91
YMR019W	66.74
YMR206W	50.56
YGL161C	69.06
YGR062C	80.43
YMR165C	59.21
YJL047C-A	92.65
YDR189W	83.98
YKL092C	72.64
YHR210C	96.57
YER024W	73.31
YPL033C	85.18
YPR045C	69.75
YGL237C	65.61
YGR024C	96.24
YCR048W	79.04
YMR010W	78.25
YGR184C	80.6
YLR238W	68.82
YDR524C	65.61
YDL237W	88.77
YHR072W-A	93.19
YHR140W	91.71
YGR292W	97.52
YOR219C	83.76
YDR188W	87.27
YHR044C	95.61
YIL083C	89.2
YOR182C	83.77
YOR182C	83.97
YDL133C-A	94.45
YDL133C-A	94.27
YLR283W	70.98
YDR531W	87.08
YER023W	96.39
YGR151C	67.19
YBR152W	63.38
YDR226W	93.55
YGL034C	56.23
YPR011C	83.04
YHL016C	88.03
YLR298C	67.85
YGL067W	94.75
YFR046C	61.14
YMR184W	70.47
YHR202W	89.88
YLR086W	76.45
YNL037C	91.25
YDL054C	86.11
YML126C	93.68
YDL205C	91.37
YIL019W	73.26
YCL005W-A	87.03
YLR053C	62.74
YMR244W	82.46
YER079W	53.63
YBR035C	96.11
YPL100W	72.62
YPL076W	85.47
YBR289W	64.14
YNL085W	88.13
YAR002C-A	87
YCR033W	51.29
YLL041C	92.89
YHR019C	94.22
YMR279C	84.56
YPL027W	38.46
YDR496C	83.77
YBL017C	79.33
YCR019W	92.24
YPL271W	92.39
YDR313C	73.62
YKL068W	50.06
YGR072W	66.91
YDL108W	91.15
YLR330W	62.99
YLR244C	92.4
YGL229C	76.95
YBR157C	57.51
YGR055W	81.94
YGL044C	72.52
YNL051W	85.62
YNL148C	83.87
YMR107W	64.94
YNR075C-A	56.93
YDL147W	77.89
YDL081C	70.95
YOR294W	86.27
YLR258W	90.95
YOR288C	90
YDR283C	74.42
YIL099W	87.08
YBL104C	76.47
YJR076C	77.16
YNL255C	82.39
YJL217W	95.7
YDR261C	86.28
YDL211C	50.81
YER136W	93.97
YPL128C	67.28
YML054C-A	80.05
YHR213W-B	57.99
YGL054C	94.26
YIL093C	90.14
YER151C	63.51
YOR110W	80.09
YJR059W	62.13
YKR009C	93.25
YCR102C	97.29
YEL029C	94.07
YER065C	94.77
YIR024C	65.86
YLR174W	96.32
YJR124C	84.93
YMR043W	62.91
YPL139C	84.02
YOR040W	95.87
YIL135C	50.66
YHR104W	97.39
YJL143W	83.9
YDL074C	79.08
YGL119W	77.88
YDL091C	80.17
YJL059W	87.83
YER085C	41.88
YPL005W	81.01
YJR078W	87.06
YFL037W	90.54
Q0110	87.48
YNL070W	88.89
YCR075W-A	91.4
YOL083W	57.14
YIL020C	92.99
YOL136C	76.67
YMR270C	63.92
YDR346C	83.1
YBR072C-A	68.96
YNL271C	61.64
YKR028W	62.45
YER147C	91.42
YFL061W	98.53
YFL061W	98.54
YMR175W	56.33
YGR206W	82.11
YOL130W	59.84
YLR315W	82.6
YER064C	66.8
YNL198C	58.49
YDR072C	81.26
YGR121W-A	62.82
YIL023C	75.9
YPL148C	93.54
YJL207C	84.51
YNR018W	76.43
YOL021C	88.6
YCL058W-A	75.99
YDR242W	96.35
YKR076W	94.43
YPL080C	36.56
YOL077W-A	69.42
YER119C	85.34
YLR172C	93.39
YLR273C	54.47
YNL327W	49.11
YLL012W	80.6
YGL130W	83.7
YDR323C	83.25
YOR319W	82.58
YNL236W	86.28
YPL265W	80.34
YCL047C	93.5
YLR022C	82.19
YMR035W	87.55
YHR083W	85.89
YGR090W	86.21
YLR382C	90.25
YBR195C	88.11
YBR233W	72.21
YOR030W	64.14
YER068W	62.91
YJL144W	59.15
YGR221C	57.55
YBR262C	57.22
YDR486C	75.66
YKR106W	83
YNL053W	59.07
YDR420W	42.08
YMR108W	90.89
YBR020W	92.87
YCR106W	81.37
YDL122W	70.52
YHL022C	82.31
YGR143W	72.55
YFL017C	96.83
YBR085C-A	77.76
YLR268W	84.34
YER158C	52.18
YML002W	85.6
YDR390C	81.77
YJL125C	89.1
YPR052C	78.42
YCR040W	69.64
YCR040W	69.65
YML111W	73.16
YMR278W	95.19
YMR185W	77.61
YPR145C-A	80.83
YCR061W	75.38
YGL198W	74.62
YLR420W	95.87
YNL281W	86.48
YNL279W	75.88
YOR291W	72.38
YOL077C	88.36
YGL083W	80.33
YFR012W	76.32
YFL034C-A	88.12
Q0120	78.64
YJL198W	73.93
YER138W-A	68.82
YOR390W	89.71
YKL197C	74.6
YNL156C	70.87
YNL222W	96.46
YER130C	38.23
YIL037C	65.99
YIL142W	89.18
YDR481C	90.38
YDR318W	76.42
YOL052C-A	61.06
YPL096W	92.89
YDL105W	72.82
YHR032W	73.31
YOR123C	64.23
YLR137W	86.58
YKL152C	95.99
YJL122W	71.61
YHR008C	93.02
YIR041W	70.14
YDL141W	89.94
YJL007C	61.17
YCR045C	81.73
YMR258C	91.04
YFR010W	84.93
YJL225C	55.7
YAR008W	85.5
YDR400W	96.87
YKL093W	48.59
YDR522C	80.19
YIL034C	87.71
YIL073C	87
YKL080W	89.08
YFL040W	80.94
YIL091C	82.1
YKL185W	63.91
YOR249C	67.47
YOR362C	89.25
YJR073C	95.96
YBR123C	75.48
YDL173W	53.47
YPR078C	37.43
YJR143C	91.89
YBR221C	93.12
YKR081C	84.24
YDR279W	79.58
YEL015W	78.41
YOL058W	96.1
YGR071C	70.86
YNR059W	88.09
YBL029W	60.33
YLL049W	61.89
YMR023C	80.4
YOR143C	95.92
YOR347C	95.56
YLR426W	92.12
YMR291W	65.78
YKL101W	47.08
YBL045C	91.71
YOL157C	98.27
YLL035W	82.9
YNR044W	52.9
YLL009C	72.78
YFR020W	48.55
YPL104W	91.97
YOL057W	94.37
YLR036C	63.28
YIL078W	91.65
YMR041C	97.11
YGR058W	71.79
YER153C	86.65
YGL195W	81.11
YNL225C	69.91
YMR029C	67.51
YMR092C	97.07
YER113C	80.95
YIL052C	93.67
YHL038C	81.35
YGL192W	77.77
YFR038W	66.96
YEL030W	87.79
YLR118C	97.36
YMR138W	90.72
YMR122W-A	55.69
YMR053C	67.03
YNL215W	63.42
YPL283W-B	38.49
YPL283W-B	40.27
YPL283W-B	39.19
YPL283W-B	39.12
YPL283W-B	37.69
YPR162C	74.17
YPL030W	87.39
YER083C	64.35
YDR281C	67.31
YHR081W	80.62
YOR321W	89.43
YGL206C	75.71
YGR060W	96.15
YFR012W-A	83.41
YOR015W	78
YHL028W	55.29
YIR017C	75.22
YBR154C	94.05
YMR220W	93.39
YGL257C	92.1
YOR111W	93.17
YMR087W	89.01
YDR213W	57.64
YNL326C	90.71
YBR278W	70.43
YOL008W	80.94
YDR179W-A	75.55
YML031W	70.42
YER167W	46.74
YIL125W	89.84
YOR279C	60.31
YDR330W	76.39
YDR106W	86.94
YLR406C	90.7
YML118W	86.48
YKR008W	72.41
YNL100W	80.02
YLR136C	67.23
YDL178W	90.64
YEL073C	67.39
YML120C	90.1
YLR385C	92.23
YDR484W	70.81
YLR281C	87.81
YDR308C	91.18
YOR394C-A	60.18
YDL192W	84.54
YER005W	80.33
YBR273C	69.48
YBR032W	33.73
YDL202W	78.41
YMR078C	70.61
YHR073C-B	75.36
YOR180C	95.7
YPL069C	91.03
YKL056C	91.35
YJL131C	74.36
YIL154C	73.42
YDR146C	49.86
YJL177W	94.93
YER102W	92.37
YER102W	92.41
YBR048W	87.88
YBR048W	88.89
YNR009W	61.69
YBR104W	85.74
YFL031W	65.32
YHL033C	91.37
YAL067W-A	44.38
YHR066W	71.54
YCR085W	47.92
YAL049C	95.55
YGL236C	89.74
YOL055C	92.84
YIL138C	96.35
YHR029C	97.18
YKL156W	91.73
YJR032W	95.28
YDL185W	84.96
YMR042W	74.27
YER046W	79.81
YBL079W	78.84
YKL162C	80.26
YGR138C	81.51
YGR015C	90.73
YJR151C	38.77
YHR178W	74.67
YNR066C	86.07
YLR138W	63.5
YLL019C	69.79
YJR024C	94.47
YFL017W-A	91.08
Q0050	71.11
YIL130W	61.04
YGL023C	52.63
YGL144C	78.3
YPL188W	87.49
YGL071W	51.67
YBR265W	89.49
YMR251W	95.75
YBR249C	95.2
YIL043C	93.25
YLR284C	94.75
YIR013C	72.2
YPL201C	71.77
YDR251W	67.09
YNL292W	87.79
YFL005W	83.79
YBR203W	59.05
YBR184W	28.36
YCR024C-B	41.35
YBR170C	91.56
YJL140W	84.8
YDR192C	50.6
YNL242W	67.23
YBR173C	78.52
YOL139C	91.05
YNR057C	89.6
YFR019W	58.54
YHR040W	71.64
YFL042C	70.08
YMR223W	91.86
YEL031W	80.58
YDR368W	96.39
YNL067W-B	68.91
YLR295C	70.18
YLR307C-A	52.28
YCR101C	86.15
YML007C-A	79.62
YMR256C	95.48
YKL192C	76.11
YFR042W	87.17
YER075C	67.31
YJR068W	86.42
YPL207W	76.41
YPR021C	69.72
YNL166C	56.62
YPL253C	79.55
YPR040W	81.03
YBR133C	80.98
YCL049C	56.58
YNL111C	84.41
YNL069C	96.03
YER073W	95.07
YDR494W	69.82
YOR287C	76.27
YIL055C	61
YKR064W	78.27
YKL017C	88.59
YDR399W	91.23
YOR198C	82.65
YPL143W	95.01
YCR015C	94.59
YBR275C	62.83
YPL132W	76.15
YJR017C	89.38
YPL171C	97.92
YOL054W	64.22
YDR070C	73.9
YKL204W	51.27
YDR138W	69.17
YDR031W	88.11
YLR248W	62.97
YFR050C	93.32
YDR255C	84.52
YHR192W	78.49
YLL006W-A	77.72
YOR012W	80.43
YPL126W	82.98
YKL190W	87.4
YDL060W	81.95
YGR080W	84.29
YMR214W	84.1
YGL116W	69.28
YEL027W	88.65
YDR067C	79.37
YIL014C-A	54.08
YEL024W	87.64
YNL277W-A	69.76
YIL049W	91.68
YDR126W	91.19
YBL085W	57
YOL118C	58.87
YGR035C	63.59
YOR034C	80.42
YJR058C	89.82
YPR063C	60.7
YOR374W	95.05
YGL201C	70.77
YCR038C	70.21
YBL052C	57.65
YMR055C	95.34
YDR315C	94.29
YLR127C	68.14
YCL063W	58.48
YGR212W	92.78
YER049W	88.01
YNL128W	82.85
YBL009W	61.27
YDL126C	80.24
YML117W	58.27
YMR271C	93.41
YDR262W	77.66
YNL300W	50.71
YHR017W	72.82
YPR187W	77.94
YPL007C	89
YLR002C	77.48
YOR018W	61.04
YGR154C	96.02
YBR283C	74.81
YHR004C	66.4
YGL241W	88.81
YDR345C	84.88
YDR079W	86.01
YOL084W	81.5
YHL040C	84.09
YOR314W	51.37
YPL209C	76.91
YKL211C	92.99
YGL262W	35.24
YGR247W	91.04
YPR182W	88.11
YLR168C	88.95
YJR101W	90.35
YHR191C	79.03
YJL026W	83.59
YJL096W	88.73
YGR199W	89.45
YMR226C	97.79
YPL242C	72.05
YLR342W-A	66.1
YNR050C	97.05
YER175W-A	46.74
Q0085	88.11
YOR391C	96.14
YNL138W	81.84
YNR048W	89.56
YLR031W	75.29
YBR094W	85.81
YHR201C	92.66
YHR103W	60.42
YEL037C	69.35
YGL260W	36.33
YOR327C	85.9
YER134C	95.01
YBR258C	68.1
YCR024C	90.25
YPL278C	85.37
YOR352W	70.1
YKL107W	89.99
Q0182	54.27
YOR348C	81.72
YFR007W	93.21
YCR065W	55.19
YPR086W	78.3
YLR189C	70.45
YGR179C	68.79
YBR201W	82.56
YNL302C	95.09
YLR358C	31.21
YER088C	57.2
YOL115W	72.43
YNL045W	92.92
YFL065C	59.85
YML110C	85.6
YPR117W	68.89
YDL144C	96.31
YHR213W	85.6
YER175C	96.15
YPL096C-A	80.34
YDR306C	77.89
YDR292C	75.91
YNL125C	75.66
YDL009C	50.25
YBR070C	88.09
YOR066W	52.27
YER021W	78.15
YKL127W	96.4
YNL207W	72.73
YNR011C	75.94
YLR134W	97.79
YER004W	90.63
YLR051C	80.7
YDR282C	72.46
YIL162W	93.63
YDR170C	71.49
YHR153C	75.52
YHR082C	52.11
YBR198C	73.91
YML007W	54.83
YIL104C	85.25
YKR049C	73.89
YIL077C	72.98
YDR174W	75.71
YLR215C	85.78
YNL241C	93.78
YNL112W	81.69
YDL218W	72.95
YPL086C	90.58
YFL038C	86.06
YDL048C	58.23
YNL249C	92.67
YOL096C	85.79
YKL052C	61.15
YMR190C	60.24
YKL053C-A	91.69
YBL056W	81.64
YBL099W	90.97
YHR020W	89.5
YNL270C	81.72
YBR257W	81.57
YBR126W-A	68.82
YBR242W	92.14
YNL115C	79.64
YDR500C	95.9
YPR005C	47.69
YCR034W	86.45
YGL111W	87.62
YPR046W	81.84
YFR015C	89.06
YEL017W	79.39
YKL121W	64.02
YLR206W	65.76
YIR032C	95.67
YOR020C	91.05
YBL008W	72.49
YMR225C	95.19
YCL052C	90.93
YNL073W	87.99
YJR156C	96.14
YMR264W	77.95
YDR538W	85.97
YLR201C	85.03
YPL269W	62.37
YOR133W	89.98
YNL082W	69.57
YLL018C	92.77
YLL025W	70.05
YHR057C	89.75
YAL047C	71.21
YBR181C	94.66
YBR181C	94.68
YIL007C	87.91
YNL097C-B	61.59
YNR034W-A	78.32
YMR037C	40.72
YCR004C	89.03
YLR392C	78.11
YHL024W	59.34
YPR105C	75.68
YKL050C	60.57
YDR301W	87.06
YHR128W	95.19
YDR412W	79.97
YDR530C	92.08
YER106W	63.31
YDR227W	44.45
YNL138W-A	92.44
YJL063C	92.66
YDR041W	90.34
YML024W	88.17
YAL029C	77.59
YIL021W	87.87
YLR063W	84.72
YPL158C	56.56
YIR020C	68.79
YNL196C	47.11
YML083C	36.01
YAR031W	69.37
YMR182W-A	77.54
YGR155W	89.15
YLR350W	84.03
YLR312C	41.28
YMR030W	50.99
YDL008W	77.04
YNL101W	69.89
YGL114W	82.66
YJR159W	96.4
YJR094C	43.64
YGL255W	83.34
YCR059C	85.94
YNR012W	85.13
YDR234W	91.64
YHR047C	95.83
YDR511W	85.35
YDR519W	91.78
YER117W	95.38
YER117W	95.44
YOR356W	91.31
YLR204W	66.93
YKL194C	90.68
YNL237W	85.53
YPL094C	90.02
YGR066C	73.47
YMR187C	76.83
YHL026C	76.85
YBR052C	93.2
YMR238W	93.09
YOR208W	67.98
YLL007C	79.02
YLR141W	61.62
YPR176C	96.42
YIL038C	67.54
YJL028W	69.18
YHR197W	74.17
YKR037C	69.62
YML061C	65.92
YLL038C	79.24
YLR257W	59.2
YMR130W	92.8
YKL059C	71.45
YGR233C	74.21
YNL084C	73.13
YCR096C	80.98
YHR028C	91.64
YDR465C	88.77
YPL191C	81.39
YPR204C-A	38.49
YPR204C-A	40.27
YPR204C-A	39.19
YPR204C-A	39.12
YPR204C-A	37.69
YHR134W	77.15
YGR092W	76.04
YKL205W	81.61
YIR011C	74.95
YNL289W	75.05
YER145C-A	32.97
YKL137W	81.98
YDL001W	76.09
YMR005W	61.65
YGL041W-A	70.9
YBR093C	93.36
YDR454C	94.56
YKR015C	46.79
YCR028C-A	88.63
YHR122W	77
YLR108C	85.07
YJL101C	95.86
YFR009W-A	42.59
YLR163W-A	73.05
YDR013W	82.93
YMR054W	79.52
YMR209C	90.02
YGR171C	92.78
YLR375W	66.55
YDR076W	70.6
YER187W	55.54
YOR357C	87.31
YLR287C-A	83.77
YLR287C-A	83.97
YDL095W	91.4
YCL021W-A	56.64
YDL007C-A	60.07
YPR163C	54.21
YML102W	84.02
YOR276W	69.46
YLR155C	92.16
YLR155C	92.34
YLR155C	92.23
YLR155C	92.58
YOR247W	42.13
YHR067W	92.16
YGL171W	79.88
YBR049C	61.31
YGL029W	82.02
YBR056W	92.96
YMR194W	92.11
YGR040W	88.6
YFL060C	93.65
YNL208W	46.68
YDL130W	69.2
YFR043C	90.78
YJL056C	42.93
YHL037C	37.32
YNL010W	95.57
YLR003C	80.73
YDR100W	86.36
YGR220C	91.94
YLR221C	67.81
YNL134C	96.83
YGR268C	72.34
YDR479C	72.15
YIL046W	77.48
YLR355C	89.98
YER168C	88.63
YBL030C	91.25
YLR464W	42.47
YLR464W	44.76
YLR446W	89.65
YKL146W	71.5
YKR003W	90.05
YNR053C	79.66
YKL028W	70.3
YJR041C	84.98
YGL147C	94.58
YPL229W	57.89
YIL157C	80.94
YMR252C	80.77
YGR144W	95.9
YER124C	67.75
YGR178C	61.24
YDL117W	70.39
YDR140W	96.35
YDR381W	70.74
YPR160W	94.15
YMR164C	55.45
YGR113W	59.1
YGL203C	79.37
YOL047C	76.28
YOR221C	90.77
YKR010C	54.59
YGL048C	81.82
YIL121W	86.62
YMR074C	74.74
YLR237W	84.6
YDR062W	93.02
YFL049W	71.97
YML065W	67.36
YPL049C	55.07
YOR344C	63.73
YIR038C	95.52
YOR269W	78.03
YJL080C	78.39
YHR013C	81.84
YAL027W	71.08
YGR207C	95.24
YPL066W	78.25
YOR152C	62.7
YDR143C	52.11
YPL183W-A	78.29
YNL231C	92.33
YER095W	83.82
YEL028W	76.06
YNL230C	70.35
YPL235W	83.65
YMR243C	70.05
YJR091C	60.56
YBR141C	84.81
YGR258C	60.71
YPL141C	54.54
YGL091C	88.06
YHR137W	93.63
YGR093W	85.54
YOR103C	90.68
YDL053C	59.61
YDR223W	42.76
YKL193C	93.18
YDL037C	70.87
YOR377W	90.92
YBL005W	76.14
YDL167C	63.41
YBR151W	91.7
YDR246W-A	55.33
YIR027C	96.28
YJR013W	93.57
YGR119C	62.33
YLR441C	86.29
YNL258C	78.49
YDR371C-A	86.43
YLR178C	93.04
YDR517W	75.2
YJL222W	78.94
YMR145C	89.03
YIL088C	79.73
YOR129C	64.71
YFR028C	79.31
YML071C	60.76
YMR015C	90.63
YBR144C	50.56
YCL064C	93.2
YOL038C-A	88.76
YGR213C	81.66
YML070W	95.46
YHR158C	65.47
YGR061C	93.9
YJL121C	97.78
YDL226C	68.8
YOR156C	63.69
YOR329C	51.11
YLR028C	96.53
YER045C	63.56
YFR010W-A	77.52
YPR144C	87.25
YPL249C-A	93.48
YLR043C	97.55
YMR125W	91.94
YDL134C	87.66
YGR121C	87.3
YMR325W	75.5
YPR128C	88.05
YDR117C	81.02
YGL043W	79
YDR314C	82.17
YPR054W	87.12
YHR038W	82.73
YFR051C	81.34
YOR351C	77.15
YOL040C	87.05
YJL138C	88.64
YIR028W	80.59
YML072C	70.46
YJR047C	89.33
YJL151C	62.63
YNL328C	89.46
YDR440W	74.85
YML105C	78.89
YKL212W	89.32
YAL033W	83.77
YCR028C	80.24
YDR303C	72.99
YIL001W	87.24
YGR280C	71.4
YFR016C	42.92
YDL078C	96.14
YMR069W	84.66
YDL238C	91.96
YGL085W	89.97
YGL031C	83.19
YNL081C	87.34
YOL159C-A	49.2
YOR051C	84.52
YOR003W	84.44
YER086W	86.56
YAR015W	96.8
YDR529C	95.29
YJL057C	66.61
YCR082W	80.63
YBR138C	51.55
YDR437W	81.45
YOR064C	77.01
YJL218W	97.06
YMR293C	93.49
YLR243W	85.52
YER188C-A	50.08
YGR117C	85.27
YGR254W	97.64
YDR452W	85.42
YML124C	91.88
YER148W	88.39
YOR073W	59.74
YLR148W	81.05
YGR235C	82.71
YPL156C	72.84
YGL124C	73.92
YHR042W	94.3
YMR090W	97.36
YJL130C	87.76
YFR032C	78.16
YDR347W	80.48
YBL090W	73.36
YKL054C	52.08
YEL022W	80.65
YNR037C	89.78
YJL069C	75.67
YGR236C	59.89
YML029W	70.28
YMR171C	69.2
YIL173W	78.73
YKR096W	69.71
YKL006C-A	88.03
YPL173W	88.27
YBL105C	70.28
YLR162W-A	59.94
YKL164C	63.73
YLR462W	63.34
YPR098C	96.73
YDR490C	61.24
YDR516C	92.18
YOR201C	80.33
YJL045W	93.81
YOR065W	88.73
YEL001C	79.56
YGL164C	71.68
YBL102W	68.14
YCL061C	53.41
YMR102C	67.03
YOR186W	55.31
YDL193W	80.15
YDL137W	83.37
YBL011W	76.33
YHL049C	68.26
YBR095C	65.66
YER056C	85.49
YHR041C	92
YER087C-B	69.54
YOR045W	80.02
YJL091C	87.65
YEL013W	92.1
YOL018C	69.78
YNR063W	73.53
YDR235W	89.03
YBR196C-B	85.03
YLR095C	72.8
YBL048W	78.73
YDR233C	75.42
YHR069C	80.94
YGR264C	93.86
YMR188C	89.12
YKL145W-A	93.32
YHR200W	78.08
YPL260W	81.03
YMR269W	64.69
YDR388W	77.11
YOL133W	77.82
YBR066C	49.24
YNL339C	62.42
YJL033W	76.55
YGL234W	93.14
YER074W	93.39
YER074W	93.56
YJR122W	81.89
YPL016W	61.16
YPR095C	54
YOR087W	83.3
YGL238W	91.21
YIL177C	52.56
YDR209C	29.62
YMR128W	71.51
YKL026C	95.93
YMR039C	67.17
YDR049W	77.61
YDL194W	66.64
YPR079W	68.71
YBR292C	51.49
YGL041C-B	87.48
YDR021W	88.67
YLR199C	77.64
YPR010C	89.88
YHR053C	64.37
YHR053C	65.74
YEL063C	80.06
YKL044W	65.35
YBR018C	94.35
YKL089W	64.37
YDR353W	96.3
YNR060W	87.05
YDR051C	85.54
YGR056W	69.13
YIL054W	53.29
YCL073C	82.85
YMR230W	88.54
YFL001W	86.81
YLR154C	72.48
YJL065C	77.18
YMR267W	91.81
YOL028C	70.42
YJR148W	96.22
YJL123C	65.01
YHR218W	63.37
YMR247C	86.26
YOL086C	96.55
YNL287W	84.09
YLL064C	70.12
YLL064C	70.38
YMR152W	92.77
YEL051W	84.22
YNL095C	68.91
YHR021W-A	37.59
YOL108C	73.07
YER190C-B	38.49
YER190C-B	40.27
YER190C-B	39.19
YER190C-B	39.12
YER190C-B	37.69
YLR461W	69.34
YCR090C	95.7
YGR201C	96.84
YBR194W	73.34
YDR288W	78.58
YDR141C	79.56
YPL046C	83.67
YOL023W	83.13
YAL044W-A	90.03
YBR108W	54.93
YGR239C	64.68
YDR194C	81.41
YDR424C	93.93
YOR011W-A	54.2
YAL041W	73.92
YIL148W	93.88
YIL148W	93.49
YOR165W	81.45
YEL061C	66.32
YJL046W	80.9
YLR265C	69.03
YER059W	64.05
YBR046C	97.29
YMR251W-A	57.69
YNL096C	90.8
YCR084C	75.53
YMR146C	95.02
YNL282W	82.04
YOL068C	83.62
YJR123W	90.71
YLR242C	82.65
YMR228W	93.5
YMR032W	70.52
YKR077W	45.02
YLR351C	95.64
YOR138C	76.56
YDR054C	77.74
YLR306W	92.7
YHR114W	83.61
YBR235W	74.78
YGR169C-A	81.91
YDR122W	63.57
YNL047C	72.2
YPL021W	68.59
YHR039C	92.52
YOR016C	85.75
YGR185C	89.1
YPL268W	78.29
YDR184C	62.14
YLR130C	74.7
YJR118C	74
YPL283C	64.24
YPL283C	63.73
YHR152W	64.87
YGR189C	71.98
YLL028W	79.14
YJL071W	82.19
YBR274W	84.26
YNL139C	72.2
YIL145C	95.48
YLR183C	67.1
YOL121C	92.55
YGL205W	91.6
YIR006C	52.04
YPL206C	92.74
YOL126C	92.59
YPR055W	63.9
YNL298W	65.38
YER140W	78.16
YEL056W	92.08
YLR042C	45.03
YLR396C	83.02
YLR122C	35.38
YJR015W	84.46
YIL013C	79.94
YLR326W	74.61
YLR024C	77.64
YLR442C	66.32
YER036C	85.8
YOR235W	63.53
YBL006C	64.57
YOR080W	83.87
YBR186W	76.52
YOR028C	61.75
YGL221C	96
YCR050C	44.96
YGL108C	70.31
YPR138C	87.69
YKR095W-A	89.14
YJR102C	88.24
YDL240W	75.17
YDR056C	78.43
YKL079W	74.33
YNL113W	80.16
YMR013C-A	81.79
YLR380W	89.57
YNR003C	69.11
YNL316C	91.06
YEL009C	67.02
YNL016W	70.89
YDR541C	95.7
YPL243W	81.71
YIL114C	94.41
YHL011C	93.99
YNL330C	93.22
YLR061W	86.91
YKL161C	81.74
YFR037C	72.33
YPR127W	96.65
YKL159C	73.82
YIR035C	96.27
YPL095C	94.13
YPR027C	51.15
YJL004C	78.72
YDL042C	80.78
YIR007W	89.26
YNR010W	71.69
YHR129C	90.82
YDR185C	91.96
YLR386W	76.81
YOR109W	76.72
YJL155C	89.95
YDR328C	83.31
YLR387C	72.02
YIL113W	83.61
YJL154C	79.33
YGL135W	78.08
YGL135W	77.85
YDR280W	89.23
YCR099C	87.02
YMR001C-A	50.27
YPL232W	79.58
YKR030W	80.74
YDR098C	85.98
YLR422W	76.68
YJR107W	86.51
YDR005C	67.76
YHR199C	83.42
YBR185C	86.14
YKL037W	35.85
YDR423C	59.68
YJL035C	93.9
YOL093W	88.74
YDR017C	56.2
YIL036W	61.63
YJR089W	53.97
YPL124W	60.17
YLR354C	95.69
YJL042W	60.2
YHR159W	56.75
YGR253C	91.66
YKL042W	66.41
YGL053W	77.78
YNL172W	67.37
YGL101W	96.83
YOR147W	68.04
YIR010W	57.66
YPR041W	77.45
YJL115W	72.74
YIL033C	78.64
YKR020W	68.69
YCL066W	69.64
YCL066W	69.65
YOR254C	82.83
YIR009W	81.66
YDR419W	87.5
YGR271C-A	81.94
YOL080C	78.19
YPL083C	76.23
YDR444W	79.15
YNL132W	79.05
YPL048W	91.1
YHR193C	74.9
YJR003C	90.54
YGR267C	89.44
YMR153W	57.65
YPL120W	70.81
YPL117C	93.8
YGR234W	95.33
YAR035C-A	71.18
YBL078C	94.33
YKL012W	75.76
YDR341C	91.95
YJL116C	82.81
YPR091C	65.28
YGL251C	72.82
YEL014C	29.7
YGL141W	85.11
YAL068C	69.25
YAL068C	70.3
YAL068C	70.11
YBR037C	78.04
YDR464W	55.04
YGL245W	91.89
YFR025C	96.86
YGL007W	46.61
YPL214C	93.97
YLL039C	92.5
YER156C	95.01
YBR015C	87.92
YDR132C	82.54
YGL005C	65.73
YLR149C	67.35
YDL210W	88.83
YIL041W	84.17
YPL203W	85.7
YMR056C	90.12
YMR282C	72.84
YDR395W	90.83
YHR030C	80.18
YLR208W	92.1
YFL025C	86.64
YAR042W	74.01
YPL273W	94.63
YDL222C	79.15
YIL087C	60.23
YNR027W	93.11
YCR095C	68.62
YER162C	80.43
YER090W	94.18
YGL215W	58.63
YBR016W	55.93
YGR173W	84
YDR372C	84.54
YJL053W	80.23
YGL249W	51.4
YHL050C	68.93
YDR325W	83.04
YLR115W	79.82
YKL106W	91.5
YGR161W-C	64.77
YCR068W	79.75
YDR216W	51.59
YJL124C	86.14
YDR082W	74.46
YLR005W	80.31
YGR229C	69
YFR054C	32.06
YHR162W	84.75
YDL224C	54.93
YJR104C	97.68
YLR147C	89.18
YDR498C	71.18
YPR081C	93.58
YER074W-A	77.74
YOR136W	90.68
YDR010C	45.12
YGR070W	72.06
YCL017C	84.45
YDR006C	65.06
YER041W	69.53
YLR162W	61.05
YGR135W	93.05
YHR089C	66.53
YBL071W-A	90.5
YLR451W	70.94
YBR269C	74.84
YDR182W	87.15
YJL105W	62.35
YGL014C-A	75.95
YPL011C	64.32
YLR212C	78.7
YLR454W	72.61
YMR234W	84.91
YCL058C	40.89
YDL102W	88
YKR075C	54.21
YDL179W	72.34
YJR070C	91.94
YMR323W	97.18
YPR097W	67.97
YOR192C-C	59.46
YJR097W	75.55
YNL164C	50.07
YOR205C	81.92
YJL126W	94.48
YNL274C	96.39
YJL214W	79.83
YJL166W	89.63
YCL014W	56.5
YJL023C	78.38
YMR062C	94.46
YMR247W-A	61.75
YFR033C	76.61
YMR038C	86.01
YGR225W	71.27
YJL094C	75.97
YBR055C	75.1
YGL258W	63.72
YMR049C	81.11
YDL067C	96.21
YPL274W	81.95
YDR030C	75.47
YIR036C	96.66
YMR272W-B	84.37
YPR158W	77.12
YHL005C	39.37
YDR020C	82.65
YMR147W	54.19
YML067C	81.6
YBR088C	94.99
YHR010W	94.14
YGL139W	73.04
YPL050C	82.97
YJR054W	64.42
YKR065C	84.85
YPR114W	89.28
YHR079C-A	91.75
YER112W	68.86
YGL172W	59.84
YDR527W	72.82
YPL110C	75.62
YKL043W	62.96
YNL176C	52.08
YBL019W	82.14
YIL122W	52.88
YKL045W	79.48
YDR333C	77.25
YCL050C	92.94
YHR005C	77.85
YHR187W	85.15
YCR067C	53.85
YCR047C	88.85
YBR112C	62.88
YGR088W	92.6
YGL126W	87.18
YOR305W	88.44
YGR140W	71.81
YBR164C	92.33
YBR148W	44.98
YJR141W	88.64
YNR061C	73.82
YKR060W	86.6
YGR129W	73.02
YER090C-A	85.88
YBL020W	81.43
YBR208C	92.05
YGL027C	91.75
YNR035C	87.5
YDL093W	91.48
YML107C	79.74
YOR195W	70.45
YGL231C	74.47
YFR031C	85.47
YDL043C	78.42
YER174C	85.66
YLR064W	92.42
YLR132C	83.24
YHR183W	96.45
YGL019W	83.38
YDR139C	91.01
YJL191W	90.72
YLR182W	70.62
YNL160W	77.5
YCR044C	90.27
YLR038C	91.19
YHR205W	66.63
YCR026C	76.71
YOL123W	62.14
YDR322C-A	76.59
YGR017W	81.53
YPL161C	88.04
YLR107W	88.05
YJR135C	82.19
YLR139C	70.15
YKL085W	94.15
YPR022C	67.55
YDL130W-A	81.79
YNR024W	61.87
YLR305C	80.83
YNL024C	89.73
YDR210W	61.38
YOR097C	61.68
YPR175W	79.18
YKL165C	90.89
YDR260C	57.36
YBR172C	59.95
YJL049W	76.88
YBL097W	60.3
YMR081C	46.08
YBR050C	33.23
YNL018C	33.24
YIL090W	76.92
YPL068C	59.86
YCR093W	78.47
YML051W	91.66
YLL002W	88.13
YDL017W	81.53
YDR073W	75.65
YOL083C-A	64.06
YER026C	74.47
YBR183W	92.76
YDL069C	43.17
YLR070C	96.05
YHR139C-A	40.53
YMR314W	95.9
YKL003C	94.63
YKL072W	70
YNL033W	56.31
YDR461W	53.9
YHR111W	91.99
YIL012W	51.33
YDR435C	95.55
YJR155W	94.7
YJL109C	77.89
Q0060	83.14
YDL063C	88.84
YJL013C	66.5
YDR121W	71.14
YDR178W	85.28
YDL013W	68.5
YDR534C	33.88
YLR157C	92.16
YLR157C	92.34
YLR157C	92.23
YLR157C	92.58
YGL039W	95.31
YCR012W	96.77
YOL086W-A	95.49
YHR049W	96.97
YMR113W	94.47
YPL055C	54.59
YBR213W	95.58
YLR226W	82.97
YCR075C	90.35
YDR392W	79.06
YAL051W	73.86
YPL079W	96.36
YOR337W	71.31
YDR034C-A	60.82
YOL100W	59.72
YCL043C	90.8
YKL186C	86.22
YDL132W	86.43
YCL025C	78.88
YOR289W	88.13
YMR263W	72.37
YCL067C	76.71
YCL067C	76.56
YPL150W	58.38
YLL048C	79.21
YML034W	64.88
YDR202C	90
YBL091C-A	82.44
YER099C	93.33
YGL002W	86.4
YMR131C	83.38
YNL141W	97.89
YOR255W	53.47
YLL024C	89.7
YBR196C-A	72.28
YEL048C	87.87
YLR009W	83.44
YOR304W	73.71
YPR192W	87.65
YJL141C	66.26
YIL024C	72.17
YLR057W	77.19
YCR023C	79.44
YJL133C-A	61.74
YGR044C	64.26
YOL163W	78.02
YKR032W	47.11
YBR286W	85.38
YMR310C	84.43
YKL132C	82.74
YJL178C	77.12
YMR034C	84.41
YEL070W	96.16
YEL070W	96.09
YNL320W	93.05
YLR348C	82.06
YPL226W	76.68
YER025W	80.87
YJR022W	88.67
YBR268W	84.08
YPL115C	61.62
YAL043C	73.81
YOR077W	77.27
YHR072W	96.9
YPL170W	81.12
YOR074C	96.25
YOR117W	81.54
YDL109C	77.59
YDR211W	78.48
YNL204C	63.06
YNL106C	74.98
YBR058C-A	75.28
YPL245W	88.26
YJL062W	87.47
YKL078W	83.89
YKL001C	95.64
YLR439W	91.29
YJL197C-A	33.56
YGR193C	75.54
YFL010W-A	50.16
YER126C	84.33
YDR110W	71.23
YGL033W	88.64
YKL046C	93.54
YLR236C	45.62
YGR165W	90.73
YML103C	76.26
YKR017C	80.12
YJL082W	86.66
YHR209W	96.1
YGL030W	92.01
YKL058W	88.19
Q0045	93.7
YKL208W	73.61
YPR140W	90.83
YLR345W	87.04
YPR048W	93.01
YGL128C	82.38
YAR066W	75.29
YAR066W	75.08
YMR306W	82.33
YNL161W	63.92
YCR010C	81.41
YLR050C	96.03
YOL166W-A	52.69
YHR107C	81.72
YIL095W	60.13
YGL007C-A	77.75
YHR071W	77.07
YGL175C	64.58
YBR287W	80.42
YPR102C	91.69
YNL247W	89.22
YOL066C	89.73
YLR332W	60.29
YOR396W	66.49
YOR396W	65.6
YOR396W	65.38
YJL098W	62.58
YGL223C	64.52
YCL056C	60.55
YDR274C	33.62
YMR169C	97.5
YMR186W	85.78
YKR005C	46.36
YER182W	79.89
YHR216W	93.96
YHL013C	82.25
YER165W	81.37
YIL089W	75.7
YNL062C	85.82
YML059C	61.68
YML086C	94.33
YPL036W	76.97
YOR161C-C	71.68
YBL061C	62.81
YIL166C	85.77
YMR013C	86.01
YPR015C	53.24
YJL196C	91.23
YGL004C	93.65
YLR369W	86.38
YNL325C	75.25
YEL058W	95.66
YJL003W	83.13
YNL046W	54.55
YOR151C	87.16
YAL044C	90.13
YPR133W-A	83.77
YGL148W	93.72
YPL146C	80.14
YIL060W	44.52
YGR281W	81.16
YDR167W	71.22
YDR156W	74.55
YDL223C	34.24
YMR127C	84.63
YOR187W	87
YHR060W	80.56
YNL032W	81.58
YOL001W	80.16
YPR107C	81.03
YNL135C	97.58
YDR075W	94.01
YER060W-A	85.6
YIL009C-A	84.12
YBR267W	80.61
YBR114W	71.87
YER184C	79.67
YFR039C	69.81
YBL032W	72.94
YBR219C	79.38
YFL027C	79.53
YDR039C	80.62
YMR212C	74.55
YMR296C	90.17
YHR143W-A	79.92
YCR081W	73.52
YOR005C	79.12
YKR034W	66.14
YDL088C	56.16
YBR299W	97.45
YMR101C	90.4
YPL082C	76.66
YPR064W	44.63
YDL129W	58.59
YLR417W	76.78
YAR068W	41.8
YGR078C	88.58
YIL061C	76.3
YOR355W	58.08
YGL133W	73.64
YJL205C	88.04
YDL215C	85.87
YKL060C	95.48
YBR191W	93.76
YDR297W	91.78
YLR179C	94.15
YEL012W	85.67
YOR290C	65.94
YPL216W	68.92
YBR125C	90.62
YLR013W	70.99
YLR116W	68.07
YEL020W-A	92.84
YDR131C	85.65
YJR113C	82.95
YPL152W	88.74
YJR111C	95.68
YHR142W	83.31
YMR166C	72.37
YER077C	74.99
YDR348C	55.17
YGR295C	84.97
YER039C	89.02
YPL230W	49.92
YFL007W	81.95
YLR371W	66.7
YMR061W	87.68
YPL159C	65.71
YMR288W	81.47
YPR183W	91.32
YLR222C	82.32
YOR047C	69.2
YLR365W	63.38
YPL204W	82.17
YPL109C	78.89
YHR058C	64.24
YDL169C	51.43
YMR265C	90.23
YML116W	85.9
YBL069W	89.47
YER042W	96.57
YIL102C	50.41
YLR440C	88.01
YIL069C	93.39
YIL069C	93.56
YIR016W	55.54
YER019W	88.71
YBR223C	85.08
YML130C	74.56
YLR059C	81.83
YOL014W	45.55
YDR007W	92.32
YDL195W	71.23
YBR074W	85.01
YBR201C-A	63.45
YOR244W	81.94
YBR187W	77.98
YDR263C	87.97
YLR165C	93.27
YPL249C	66.22
YGR048W	69.76
YCR030C	71.68
YCL027W	56.23
YDR429C	79.01
YNL212W	79.64
YHL008C	65.45
YMR273C	49.87
YJR055W	77.94
YDR119W-A	80.07
YAL058W	82.33
YPR154W	67.47
YLR421C	68.61
YMR292W	90.93
YPR026W	84.78
YBL021C	83.4
YGR065C	83.33
YOL102C	92.32
YBL049W	83.54
YCL051W	53.03
YJL148W	69.15
YER039C-A	70.18
YDR421W	67.12
YGL051W	78.91
YER058W	84.44
YNL243W	79.7
YGL220W	82.45
YDL186W	56.89
YER110C	93.12
YLL027W	76
YER135C	38.87
YOL060C	64.35
YAL012W	96.44
YOL041C	73.66
YDL198C	90.84
YHR118C	68.51
YJL097W	93.75
YDL120W	77.75
YLR292C	93.57
YPR170W-B	88.74
YKR091W	61.76
YPR016C	90.68
YGR019W	97.69
YKL096C-B	76.13
YMR137C	72.48
YLR034C	80.8
YOL116W	67.98
YLR016C	86.44
YJL031C	95.45
YOR353C	64.3
YJR132W	85.32
YLR255C	46.07
YPL060W	76.12
YNL333W	95.14
YCL038C	85.9
YBL035C	82.89
YJL092W	67.45
YGL010W	95.33
YML076C	65.5
YDR379W	58.55
YDL029W	93.54
YDR205W	73.04
YGL090W	68.75
YLR297W	64.59
YNL027W	43.79
YAL064C-A	94.9
YJL083W	54.42
YKL171W	54.31
YDR369C	58.54
YFL004W	74.84
YDR088C	74.75
YPR029C	83.39
YLR225C	87.02
YKL025C	73.37
YDR411C	71
YEL023C	67.46
YMR082C	43.84
YLR047C	75.42
YOR299W	86.86
YDR441C	95.65
YLL022C	72.09
YIR021W	86.25
YPL106C	94.94
YKL023W	71.17
YDR446W	62.49
YLR395C	84.93
YNL278W	55.91
YDL183C	86.1
YCR027C	87.09
YMR022W	94.39
YOR096W	89.98
YGR054W	83.66
YAR028W	79.51
YBL095W	84.58
YPR085C	84.87
YDR194W-A	92.17
YML062C	69.11
YDR114C	45.42
YHL048W	84.19
YOR148C	66.03
YGR174W-A	91.68
YEL077C	60.38
YGL032C	72.81
YPL008W	80.62
YPR152C	75.84
YOR301W	76.7
YHR157W	34.33
YIL172C	98.23
YIL172C	98.27
YNL144C	58.54
YOR257W	92.22
YDL059C	76.86
YML035C	80.96
YKL215C	89.94
YDR016C	82.71
YFR048W	65.18
YNL159C	67.2
YGL179C	65.24
YPL212C	83.46
YPL119C	75.53
YBR073W	70.51
YPL078C	82.44
YHR110W	89.18
YNL220W	95.17
YGR002C	71.8
YDR430C	93.57
YHR023W	70.98
YDR366C	59.73
YER001W	88.27
YGL134W	66.93
YGL235W	60.39
YAL007C	84.03
YDR374W-A	79.07
YMR173W	40.21
YNL184C	49.28
YPL195W	69.21
YDR293C	72.17
YDR459C	84.93
YDR022C	69.7
YHR062C	88.65
YLR359W	96.56
YBR260C	78.02
YOR032W-A	67.64
YOR223W	74.39
YKL033W	78.3
YDR217C	51.67
YGL006W	76.12
YNL336W	85.22
YJL102W	79.45
YFR035C	37.55
YDR052C	61.45
YCL001W-A	58.69
YGR028W	83.63
YKR023W	69.64
YDL027C	67.66
YGR283C	84.33
YLR456W	81.65
YGR249W	59.38
YBR279W	73.38
YHR219W	57.62
YLR067C	80.33
YDR104C	68.91
YOR076C	74.93
YJL077W-A	69.59
YBR211C	66.83
YDL136W	94.11
YDL136W	94.15
YEL020C	93.67
YCR016W	69.4
YIL072W	66.12
YCL054W	71.56
YBR078W	85.64
YHR136C	51.53
YMR093W	86.54
YLR040C	67.63
YKR067W	79.55
YLL013C	61.35
YPR060C	95.89
YJL052C-A	60.94
YBR063C	28.72
YKL098W	75.07
YBR028C	70.86
YLR320W	63.25
YNL264C	93.16
YOR316C-A	61.98
YLL045C	91.56
YNL136W	58.5
YPL199C	75.47
YJR083C	62.58
YDR248C	91.28
YCR105W	97.08
YDR078C	86.89
YKL114C	92.05
YML036W	96.34
YPL228W	70.53
YJL128C	64.03
YDR068W	66.09
YLR352W	75.34
YJR005C-A	85.49
YOR061W	95.43
YBL039C-A	89.39
YIL047C	73.98
YLR160C	92.16
YLR160C	92.34
YLR160C	92.23
YLR160C	92.58
YPL018W	78.34
YIL015W	77.38
YKL145W	78.26
YBR129C	72.59
YNL185C	77.83
YJR042W	82.04
YHL001W	96.42
YOR025W	82.28
YBL050W	94.87
YLR071C	70.76
YOR371C	72.12
YJL209W	82.71
YLR286C	78.4
YEL044W	84.08
YDL080C	90.88
YIR005W	89.45
YJL087C	87.79
YDR461C-A	70.57
YPL259C	83.43
YHR181W	80.54
YGL232W	83.45
YAL040C	66.85
YIL116W	96.66
YMR307W	86.49
YLR037C	70.15
YDR252W	82.39
YGL157W	95.2
YER180C	57.36
YPL072W	81.83
YDL046W	89.25
YPL130W	41.13
YKL057C	86.29
YLL004W	71.03
YFL009W	75.22
YOL140W	95.57
YER087W	93.7
YDR540C	94.09
YOL062C	82.79
YPR179C	78.91
YNL219C	95.42
YOR292C	73.58
YBR080C	83.17
YLR100W	93.46
YKL106C-A	82.38
YKL128C	95.71
YLR088W	90.09
YJR127C	53.92
YBL058W	71.98
YNL079C	95.69
YDR181C	62.59
YPR096C	51.26
YJL210W	81.89
YLR216C	96.1
YGL118C	34.88
YMR021C	63.96
YBL101C	61.23
YOR027W	86.61
YCR024C-A	86.81
YNL244C	84.56
YGR012W	92.48
YMR135C	58.47
YJR134C	71.76
YDL200C	92.46
YDR108W	80.78
YFR004W	81.75
YER055C	95.09
YKL008C	83.6
YDR337W	88.98
YDR356W	72.38
YMR121C	96.54
YER091C	95.96
YDL235C	96.84
YPL028W	97.76
YLR154C-G	62.69
YKL029C	89.19
YPL174C	72.12
YMR129W	77.24
YML066C	79.81
YIL003W	85.57
YJL076W	48.6
YPR031W	72.4
YKL119C	77.21
YGR014W	43.53
YBR021W	81.77
YDR320W-B	78.57
YDL245C	84.02
YBR024W	78.31
