ensembl_gene_id	aiupred_perc_50
YPL228W	0.5209471766848816
YLR390W-A	0.5210084033613446
YOR298C-A	1
YDR363W-A	1
YFR033C	0.8027210884353742
YJR104C	0.9675324675324676
YMR174C	1
YNL098C	0.5807453416149069
YDR382W	0.6
YEL009C	0.505338078291815
YGL031C	0.6387096774193548
YOL039W	0.5943396226415094
YDR172W	0.5153284671532846
YKL180W	0.7663043478260869
YLR029C	0.6029411764705882
YIL038C	0.6590909090909091
YGL058W	0.5465116279069767
YCR031C	0.5182481751824818
YGL237C	1
YML032C	0.7579617834394905
YML095C	0.5476190476190477
YER161C	1
YDR392W	0.5548961424332344
YMR042W	0.9265536723163842
YDL106C	0.7155635062611807
YFR034C	0.9583333333333334
YGR258C	0.5848690591658584
YOL121C	0.6388888888888888
YNL302C	0.6041666666666666
YAL024C	0.5637630662020906
YJL128C	0.5119760479041916
YDR146C	0.7362482369534555
YIR019C	0.8149231894659839
YLR182W	0.5815691158156912
YLR264W	1
YPR170W-B	0.5647058823529412
YLR256W	0.5898801597869507
YFR031C-A	0.6338582677165354
YIL018W	0.6338582677165354
YFR031C-A	0.6338582677165354
YIL018W	0.6338582677165354
YBL027W	0.708994708994709
YBR084C-A	0.708994708994709
YBL027W	0.708994708994709
YBR084C-A	0.708994708994709
YHL034C	0.8707482993197279
YCR066W	0.5482546201232033
YER011W	0.5236220472440944
YGL073W	0.8475390156062425
YAL025C	0.5392156862745098
YPR052C	1
YBR089C-A	1
YCL029C	0.8204545454545454
YMR043W	0.8951048951048951
YML098W	0.5029940119760479
YHR205W	0.5145631067961165
YNL216W	0.6723095525997581
YDR227W	0.6649484536082474
YOR276W	0.7763975155279503
YDR122W	0.6343984962406015
YLR096W	0.6146469049694856
YHR084W	0.8023255813953488
YKL109W	0.644404332129964
YKL112W	0.7606019151846786
YJL141C	0.5018587360594795
YDR054C	0.5796610169491525
YFR036W	1
YDR217C	0.6417112299465241
YBR112C	0.6697722567287785
YGL166W	0.7155555555555555
YOR027W	0.6196943972835314
YCR088W	0.7280405405405406
YBR072W	0.6728971962616822
YNL272C	0.6100131752305665
YJR060W	0.8831908831908832
YNL322C	0.5878594249201278
YNL079C	1
YGR167W	0.7167381974248928
YBR289W	0.6464088397790055
YER040W	0.7479452054794521
YHL025W	0.70783132530120485
YMR173W	0.5837209302325581
YPL133C	0.5022421524663677
YOL051W	0.8297872340425532
YML007W	0.7630769230769231
YOR140W	0.814621409921671
YJL140W	0.6742081447963801
YPR187W	0.5612903225806452
YOR098C	0.966542750929368
YLR131C	0.8727272727272727
YBR049C	0.7209876543209877
YJR021C	0.6815286624203821
YHL020C	0.7871287128712872
YOL116W	0.5471204188481675
YGL071W	0.755072463768116
YNL183C	0.7265822784810126
YOL004W	0.5006510416666666
YJR017C	0.8470588235294118
YIL004C	1
YFL014W	1
YLL021W	0.7421555252387448
YHR135C	0.5631970260223048
YNL154C	0.5879120879120879
YLL043W	0.5426008968609866
YDR423C	0.5134474327628362
YPR065W	0.9538043478260868
YBL093C	0.85
YKR048C	0.5419664268585132
YNL007C	0.9914772727272728
YER111C	0.6550777676120768
YMR214W	0.5782493368700266
YCR008W	0.5356550580431177
YCR033W	0.8083197389885808
YCR065W	0.7358156028368794
YLR078C	0.7745901639344263
YDL058W	0.5636871508379888
YCL024W	0.5265188042430087
YDL150W	0.8838862559241706
YCL011C	0.5807962529274004
YCL054W	0.5980975029726516
YCL061C	0.91514598540146
YCL063W	0.8794326241134752
YCR030C	0.5057471264367817
YCR052W	0.5921325051759835
YML016C	0.5809248554913294
YGR159C	0.9903381642512076
YAR014C	0.8899858956276445
YML010W	0.6368767638758231
YGL035C	1
YAL032C	0.8100263852242744
YHR089C	0.6048780487804878
YKL096W	0.5439330543933054
YKL095W	0.7194244604316546
YMR201C	0.784366576819407
YPL155C	0.5212464589235127
YGL148W	0.5664893617021277
YGR246C	0.5251677852348994
YAL030W	1
YDR285W	0.9497142857142856
YAL011W	0.6192
YAL014C	0.5529411764705883
YDR052C	0.5454545454545454
YGR014W	0.8108728943338438
YOR373W	0.5252643948296122
YKL122C	0.7245508982035929
YKL124W	0.5094991364421416
YLR204W	0.8288288288288288
YIL150C	0.6094570928196147
YDR356W	0.6324152542372882
YLR403W	0.904831625183016
YJL115W	0.5483870967741935
YJL159W	0.7966101694915254
YDR176W	0.8076923076923077
YLR335W	0.8680555555555556
YGL122C	0.5714285714285714
YIR006C	0.768918918918919
YGR285C	0.5334872979214781
YGR229C	0.805940594059406
YMR165C	0.6310904872389791
YDR422C	0.7361963190184049
YNL016W	0.6401766004415012
YJL176C	0.6327272727272727
YOL067C	1
YEL037C	0.7412060301507538
YAR050W	0.7729342875731945
YBL007C	0.7403536977491961
YHR016C	0.5384615384615384
YDL013W	0.6478190630048465
YMR224C	0.523121387283237
YOR036W	0.6597222222222222
YKL038W	0.6803418803418804
YPL232W	0.7793103448275862
YPL115C	0.5664893617021277
YLL008W	0.5558510638297872
YHR149C	0.997275204359673
YBR172C	0.6972972972972973
YGL212W	0.7310126582278481
YJL187C	0.6275946275946276
YOR344C	0.7525773195876289
YER100W	0.512
YOR117W	0.511520737327189
YDR369C	0.5620608899297423
YNR010W	0.953020134228188
YOR327C	1
YDR436W	0.5605633802816902
YGR143W	0.5175097276264592
YHL027W	0.576
YPL124W	0.782608695652174
YMR037C	0.8522727272727273
YKL062W	0.819047619047619
YKL143W	0.9892008639308856
YML027W	0.6909090909090909
YGL208W	0.7156626506024096
YPR163C	1
YBL047C	0.7465604634322954
YBL051C	0.7979041916167665
YBL054W	0.9466666666666668
YBL058W	0.8557919621749409
YKL185W	0.7363945578231292
YKL101W	0.6732542819499341
YKL099C	1
YKL108W	0.9426048565121412
YOR329C	0.9220183486238532
YNL197C	0.794251134644478
YER068W	0.6541737649063032
YBR081C	0.5232732732732732
YDR086C	0.7125
YGR082W	0.5737704918032787
YMR190C	0.5286800276434002
YFL016C	0.5146771037181996
YDL226C	0.6988636363636364
YKL089W	0.7577413479052824
YKL059C	0.6938775510204082
YKL054C	0.9173441734417344
YKL052C	0.791095890410959
YLR399C	0.7244897959183674
YKL171W	0.5603448275862069
YKL049C	0.5720524017467249
YKR072C	0.6672597864768683
YLR332W	0.7420212765957447
YKL204W	0.9572784810126582
YKL195W	0.8535980148883374
YKL172W	0.9156908665105388
YKL088W	0.649737302977233
YKL082C	1
YKL042W	0.8099173553719008
YKL041W	0.7366071428571429
YKL028W	0.6016597510373444
YKL002W	1
YKR020W	0.6829268292682927
YKR021W	0.5497267759562842
YKR023W	0.8301886792452831
YKR028W	0.5430784123910939
YKR058W	0.5551948051948052
YKR083C	0.6917293233082706
YKR102W	0.5988023952095808
YBR122C	0.7231638418079096
YLR337C	0.9951040391676866
YPL043W	0.6204379562043796
YBL085W	0.7448979591836735
YBR059C	0.6687725631768953
YBR182C	0.8252212389380531
YBL103C	0.8436213991769548
YBL101C	0.6087735004476276
YBL097W	0.6206896551724138
YBR005W	0.9812206572769951
YBR057C	0.6530054644808743
YBR095C	0.5744186046511628
YBR108W	1
YBR130C	0.6094117647058823
YBR156C	0.9283667621776504
YBR217W	0.6290322580645161
YBR267W	0.5979643765903307
YBR269C	1
YBR290W	0.7694704049844237
YMR264W	0.7192118226600985
YMR263W	0.5771144278606966
YOR123C	0.8318965517241379
YOR232W	0.75
YNL053W	0.7321063394683026
YLR079W	1
YHR082C	0.738581146744412
YHR102W	0.649074074074074
YHL015W	0.8925619834710744
YHR006W	0.5194085027726433
YHR073W	0.5180722891566265
YHL031C	0.6188340807174888
YHL024W	0.6956521739130435
YHL002W	0.6592920353982301
YHR036W	0.7303609341825902
YHR058C	0.5288135593220339
YHR061C	0.9012738853503184
YHR080C	0.6408921933085502
YHR081W	0.5652173913043478
YHR090C	0.624113475177305
YHR143W	0.6430769230769231
YHR158C	0.5455326460481099
YHR161C	0.5824175824175825
YHR193C	0.5689655172413793
YHR195W	0.616822429906542
YHR206W	0.5787781350482315
YHR211W	0.7023255813953488
YML074C	0.8199513381995134
YMR260C	0.6601307189542484
YNL004W	0.6233480176211453
YOR198C	0.6680851063829787
YJL165C	0.5789473684210527
YER129W	0.660245183887916
YDR208W	0.5186136071887034
YPL190C	0.800498753117207
YDR207C	0.9772727272727272
YLR150W	1
YGL178W	0.5203725261932479
YOR127W	0.6504468718967229
YLR223C	0.943778801843318
YPR104C	0.7670940170940171
YAR002W	0.948051948051948
YAL044C	0.5470588235294118
YDR388W	0.6307053941908713
YMR183C	0.7627118644067796
YLR025W	0.7916666666666666
YGR162W	0.7394957983193278
YGL049C	0.7275711159737418
YER028C	0.8857868020304569
YER169W	0.5703517587939698
YER114C	0.7875
YER016W	0.5116279069767442
YER018C	0.5429864253393665
YER029C	0.6071428571428571
YER033C	0.9925650557620818
YER083C	0.5017543859649123
YER088C	0.9597014925373134
YER104W	0.9903846153846154
YER112W	0.6417112299465241
YER116C	0.7335766423357665
YER118C	0.5095367847411444
YER126C	0.632183908045977
YER149C	0.5095238095238095
YER159C	0.5633802816901409
YMR147W	0.5776699029126213
YMR148W	0.8445945945945946
YDR113C	0.9919571045576407
YNR006W	0.5498392282958199
YGL025C	0.6372795969773299
YGR009C	1
YIL138C	1
YIL146C	0.5141776937618148
YIL123W	0.5084033613445378
YIL115C	0.5404109589041096
YIL101C	0.5054095826893354
YIL095W	0.5802469135802469
YIL084C	0.7522935779816514
YIL079C	0.5416666666666666
YIL036W	0.9267461669505964
YIL031W	0.562862669245648
YIR003W	1
YIR004W	0.6875
YIR010W	0.7100694444444444
YIR017C	0.7754010695187166
YIR025W	0.782608695652174
YOR028C	0.9220338983050848
YGL181W	0.7752525252525253
YFL031W	0.5798319327731093
YOR113W	0.8336980306345733
YLR319C	0.5291878172588832
YLR353W	0.8606965174129353
YDR420W	0.755826859045505
YNL068C	0.6832946635730859
YNL271C	0.5729646697388633
YGR186W	0.8571428571428571
YGR005C	0.61
YNL309W	1
YJL104W	0.6241610738255033
YKL096W-A	0.8043478260869565
YFL034W	0.5750232991612302
YFL023W	0.8844221105527639
YFR001W	0.9803921568627452
YFR003C	1
YFR024C-A	0.5250544662309368
YFR027W	0.5444839857651246
YFR046C	0.739612188365651
YKL006C-A	0.9896907216494846
YPR129W	0.8424068767908309
YOR340C	0.656441717791411
YDR310C	0.6836158192090396
YNL039W	0.8316498316498316
YGL175C	0.6695652173913044
YGL174W	0.9736842105263158
YJL184W	1
YJL177W	0.7391304347826086
YJL084C	0.607074569789675
YJL079C	0.5418060200668896
YJL078C	0.7684449489216799
YJL076W	0.8763666947014298
YJL058C	0.576427255985267
YJL020C	0.7484874675885912
YJR002W	0.7403035413153457
YJR043C	0.6942857142857143
YJR053W	0.872822299651568
YJR054W	0.5412474849094567
YJR059W	0.6222493887530562
YJR082C	1
YJR089W	0.6457023060796646
YJR092W	0.7208016586040082
YJR125C	0.6911764705882353
YGR072W	0.5943152454780362
YPL085W	0.7813211845102506
YMR276W	0.906166219839142
YNL304W	0.5491606714628298
YHR039C-A	0.6842105263157895
YGR119C	0.7578558225508318
YLR185W	0.8977272727272727
YPR124W	0.8078817733990148
YDR192C	0.9046511627906976
YGR221C	0.7877813504823151
YGR239C	0.6736111111111112
YMR005W	0.7164948453608248
YDR156W	0.6861313868613139
YMR273C	0.9256830601092896
YOL148C	0.7798013245033113
YDR500C	1
YDR328C	0.7835051546391752
YLR200W	0.5526315789473685
YER087C-B	0.8780487804878049
YER019C-A	0.9204545454545454
YGL209W	0.8769633507853403
YGL244W	0.7293906810035843
YGL153W	0.6275659824046921
YGL098W	0.8693877551020408
YGL066W	0.9010654490106544
YGL061C	0.6558704453441295
YGL023C	0.7370078740157481
YGR002C	0.5546218487394958
YGR013W	0.6048387096774194
YGR081C	0.9523809523809524
YGR113W	0.7813411078717201
YGR129W	1
YGR136W	0.70124481327800825
YGR178C	0.8822714681440443
YGR179C	0.5566502463054187
YGR241C	0.6109154929577465
YGR251W	1
YGR275W	1
YGR280C	0.8007380073800738
YNL118C	0.7185567010309278
YPL127C	0.689922480620155
YNR049C	0.9952380952380953
YNR024W	0.9838709677419356
YNR047W	0.6741321388577828
YNR051C	0.6368932038834951
YNR054C	0.7151898734177216
YLR323C	0.5057915057915058
YNL283C	0.7693836978131213
YNL246W	0.5037878787878788
YNL224C	0.7340286831812256
YNL190W	0.965686274509804
YNL186W	0.5732323232323232
YNL180C	0.5226586102719033
YNL166C	0.8147321428571429
YNL161W	0.5952380952380952
YNL157W	0.9226190476190476
YNL152W	0.6136919315403423
YNL148C	0.6732283464566929
YNL136W	0.8329411764705882
YNL124W	0.7987804878048781
YNL116W	0.5172413793103449
YNL094W	0.5298126064735945
YNL091W	0.6588709677419354
YNL078W	0.6904176904176904
YNL054W	0.8678111587982833
YNL027W	0.7640117994100295
YMR039C	0.8904109589041096
YML052W	0.5066225165562914
YDL028C	0.5471204188481675
YMR121C	0.6029411764705882
YMR070W	0.7510204081632653
YML109W	0.8800424628450106
YOR008C	0.6984126984126984
YPL096C-A	0.6470588235294118
YKR035W-A	0.8382352941176471
YBR233W-A	0.9042553191489362
YPR133W-A	0.82
YDR028C	0.9230769230769232
YIL061C	0.5933333333333334
YDR463W	0.6184971098265896
YJL095W	0.6691474966170501
YBR215W	0.9344
YDR432W	0.8091787439613527
YDR077W	0.8254437869822485
YLR026C	0.8647058823529412
YNL199C	0.7715355805243446
YIL022W	0.5406032482598608
YOR233W	0.67875
YNL167C	0.8299845440494591
YGL172W	0.5847457627118644
YKR007W	0.9945652173913044
YKR095W	0.6378666666666667
YKL068W	0.7883211678832117
YMR047C	0.784366576819407
YDR088C	1
YPL101W	0.5701754385964912
YPL141C	0.5491329479768786
YPL049C	0.9424778761061948
YDR043C	0.5194805194805194
YKL164C	0.7214076246334311
YKL163W	0.6923076923076923
YMR172W	0.7399165507649513
YDR468C	1
YDR480W	0.848297213622291
YDR485C	0.7861635220125787
YDR486C	0.5502183406113537
YML041C	0.5357142857142857
YDL002C	0.6945812807881774
YDL020C	0.7306967984934086
YHL007C	0.7156549520766773
YMR213W	0.7254237288135593
YMR216C	0.5498652291105122
YML030W	0.5471698113207547
YDR145W	0.8237476808905381
YDR153C	0.5669099756690997
YMR153W	0.5557894736842105
YMR159C	0.6266666666666667
YMR164C	0.8496042216358839
YDR096W	0.6554809843400448
YDR130C	0.7697594501718213
YDR200C	0.6274834437086093
YDR201W	0.593939393939394
YDR174W	0.6260162601626016
YDR181C	0.6902286902286903
YDR429C	0.7700729927007299
YDR439W	0.69164265129683
YDR446W	0.6887417218543046
YDR409W	0.6592920353982301
YMR077C	0.502262443438914
YMR197C	0.9953917050691244
YMR017W	0.5591939546599496
YMR111C	0.670995670995671
YML093W	1
YDR121W	0.5918367346938775
YMR048W	0.7476340694006309
YMR049C	0.5229244114002478
YER027C	0.8129496402877698
YMR068W	0.5234741784037559
YMR255W	0.9574468085106383
YML058W	1
YMR227C	0.6915254237288135
YOL155C	0.6163391933815926
YDL088C	0.7253787878787878
YLR192C	0.9132075471698112
YLR194C	0.8858267716535433
YLR206W	0.8841761827079935
YLR298C	0.6666666666666666
YLR228C	0.6203931203931204
YLR394W	0.6078838174273858
YPR112C	0.560315670800451
YLR449W	0.798469387755102
YPR168W	0.7707006369426752
YLR183C	0.5173824130879345
YLR190W	0.8289205702647657
YDR359C	0.5264765784114053
YDR363W	0.5942982456140351
YDR365C	0.8757961783439491
YPR154W	0.6976744186046512
YLR357W	0.5253093363329584
YPR133C	0.6414634146341464
YPR171W	0.984375
YPR185W	0.6463414634146342
YDR299W	0.5355805243445693
YDR309C	0.9817232375979112
YDR326C	0.6126564673157163
YLR309C	0.827661909989023
YPR075C	0.8722222222222222
YPR095C	0.5391517128874388
YLR006C	0.5323033707865169
YDL065C	1
YDL070W	0.5329153605015674
YDL115C	0.9036827195467422
YDL222C	0.6051779935275081
YLL010C	0.585480093676815
YLL013C	0.590443686006826
YLR009W	0.5326633165829145
YOL018C	0.5289672544080605
YOL041C	0.7037037037037037
YOL070C	0.844311377245509
YOL078W	0.6113945578231292
YOL109W	1
YOL138C	0.5041014168530947
YOR042W	1
YOR054C	0.7507418397626113
YOR056C	0.6252723311546841
YOR070C	0.5007849293563579
YOR073W	0.8677966101694915
YOR078W	0.9953271028037384
YOR195W	0.7381242387332522
YOR239W	0.6178343949044586
YOR294W	0.8423645320197044
YOR359W	0.7246653919694073
YOR372C	0.7743682310469314
YPL178W	0.6057692307692307
YPL180W	0.9311639549436797
YPL181W	0.8122529644268774
YPL192C	0.9022556390977444
YPL217C	0.5984784446322908
YOR281C	0.6853146853146853
YDR167W	0.7233009708737864
YDR253C	0.6020942408376964
YPL146C	0.8813186813186813
YPL166W	0.5633802816901409
YOR006C	0.5878594249201278
YLR135W	0.6537433155080213
YDL025C	0.5967741935483871
YLR330W	0.6095380029806259
YOR007C	0.63005780346820806
YDL005C	0.7563805104408353
YDL153C	0.8967213114754098
YDL149W	0.5055165496489469
YDR213W	0.6429353778751369
YDL003W	0.6307420494699647
YDR381W	1
YDR060W	0.5180487804878049
YLR116W	0.6554621848739496
YDL099W	1
YPL089C	0.8550295857988166
YDL091C	0.567032967032967
YPL004C	0.5601173020527859
YOL100W	0.5587419056429233
YOR106W	0.7526501766784452
YDR507C	0.5770577933450087
YLL009C	0.5072463768115942
YDR510W	0.504950495049505
YDL139C	0.9955156950672646
YPL249C	0.6420581655480985
YLR295C	0.6532258064516129
YPL255W	0.6519480519480519
YLL022C	0.5116883116883116
YDR260C	0.9058823529411764
YDL031W	0.5256281407035176
YOR083W	1
YDL010W	0.645021645021645
YDL204W	0.6361323155216285
YLR018C	0.7357859531772575
YOR181W	0.8056872037914692
YDR026C	0.5842105263157895
YDL175C	0.6773255813953488
YOR287C	0.9866666666666668
YDR017C	0.6390476190476191
YPR018W	0.7475247524752475
YOR322C	0.6894865525672371
YOR090C	0.5297202797202797
YDL110C	0.8133333333333334
YPR072W	0.5446428571428571
YDL161W	0.7929515418502202
YPR030W	0.5396966993755575
YGR169C-A	1
YOR167C	1
YHR072W-A	1
YDL148C	0.582716049382716
YLR138W	0.5868020304568528
YPL158C	0.8100263852242744
YOR163W	0.6968085106382979
YDL232W	0.6666666666666666
YOL123W	0.8558052434456929
YHR132W-A	0.8091603053435115
YLR437C	1
YEL039C	0.6283185840707964
YDL181W	1
YDL130W-A	0.8255813953488372
YJL189W	1
YFR032C-A	1
YAL039C	0.6617100371747212
YOR182C	1
YLR287C-A	1
YOR182C	1
YLR287C-A	1
YDL184C	1
YDL133C-A	1
YDL184C	1
YDL133C-A	1
YNL188W	0.9515011547344112
YJL129C	0.674493927125506
YML113W	1
YOL108C	0.6688741721854304
YJL151C	0.8721804511278195
YGR008C	1
YDR389W	0.6926605504587156
YKR099W	0.8853267570900123
YDR143C	0.8721311475409836
YHR014W	0.7663230240549829
YMR036C	0.5667870036101083
YGR148C	0.6387096774193548
YGL014W	0.6013513513513513
YCR067C	0.5201877934272301
YCL028W	1
YCL014W	0.5048899755501223
YCL001W	0.601063829787234
YCL037C	0.804147465437788
YCL005W	0.50390625
YDR123C	0.5822368421052632
YBR278W	0.5771144278606966
YML105C	0.5164835164835165
YPL121C	0.509009009009009
YGL254W	0.6120401337792643
YBR212W	0.6815476190476191
YMR133W	0.6635514018691588
YER167W	1
YKL032C	0.9765494137353434
YOR010C	0.545816733067729
YNL076W	0.8801369863013698
YDR461W	0.6666666666666666
YKL179C	0.7172312223858616
YKL175W	0.5685884691848907
YGL215W	0.5066371681415929
YKL168C	0.5027624309392266
YKL214C	0.7733990147783252
YKL160W	0.6068965517241379
YKL043W	0.5327868852459017
YKR013W	0.5045592705167173
YKR019C	0.7658536585365854
YKR022C	0.7422360248447205
YKR025W	0.7411347517730497
YKR062W	0.5121951219512195
YKR090W	0.7592067988668555
YKR091W	0.7642276422764228
YKR100C	0.9408450704225352
YMR294W	0.5737265415549598
YBR014C	0.5665024630541872
YBL090W	0.5932203389830508
YBL046W	0.6077097505668935
YBL031W	1
YBR152W	0.986254295532646
YBR173C	0.6351351351351351
YBR188C	1
YBR231C	0.9735973597359736
YBR258C	0.9225352112676056
YBR273C	0.5871559633027523
YER122C	0.7464503042596349
YHR066W	0.5231788079470199
YHR116W	0.6225165562913907
YHR146W	0.7978494623655914
YHR184W	0.5359019264448336
YHR191C	0.5112781954887218
YDR464W	0.8069686411149826
YML129C	0.5142857142857142
YAL063C	0.7065052950075643
YAL059W	0.5283018867924528
YAL028W	0.7575757575757576
YGR156W	0.611764705882353
YGL189C	0.6554621848739496
YER131W	0.6554621848739496
YER045C	0.6073619631901841
YER002W	0.8354978354978355
YER030W	1
YER032W	0.9691780821917808
YER035W	0.9724137931034482
YER059W	0.5976190476190476
YER063W	1
YER127W	0.6666666666666666
YER128W	0.6206896551724138
YNL215W	0.98125
YJL065C	0.7664670658682635
YIL107C	0.528415961305925
YIL169C	0.5567839195979899
YIL122W	0.8233618233618234
YIL112W	0.667590027700831
YIL063C	0.6483180428134556
YIL011W	0.5092936802973977
YIR018W	0.6530612244897959
YJL098W	0.5330812854442344
YEL017C-A	1
YPL177C	0.5718954248366013
YMR311C	1
YNL308C	0.9170896785109984
YJL110C	0.8493647912885662
YDL105W	0.5124378109452736
YFL054C	0.5851393188854489
YFL050C	0.6095571095571095
YFL042C	0.5919881305637982
YFL021W	0.792156862745098
YFL010C	0.985781990521327
YJL042W	0.6244635193133047
YJR093C	0.8256880733944955
YJL122W	0.5828571428571429
YJL083W	0.7864238410596026
YJR091C	0.5912007332722273
YJR151C	0.5055986218776917
YGR097W	0.6073298429319371
YNL292W	0.5161290322580645
YOR265W	0.7735849056603774
YML017W	0.8296795952782462
YDR505C	0.5172413793103449
YLR457C	0.890282131661442
YGL222C	1
YGL197W	0.5063887020847344
YGL029W	1
YGR023W	0.7495462794918331
YGR041W	0.8171846435100548
YNR009W	0.5542168674698795
YNR036C	0.915032679738562
YNL278W	0.6245283018867924
YNL233W	0.8486547085201793
YNL230C	0.6279683377308707
YNL227C	0.5220338983050847
YNL149C	0.937984496124031
YKR010C	0.728923476005188
YOR358W	0.6570247933884298
YOR148C	0.6162162162162163
YMR240C	0.5756880733944955
YPL055C	0.7981927710843374
YPL137C	0.5650470219435737
YPL032C	0.5733333333333334
YMR171C	0.5981818181818181
YDR458C	0.5007541478129713
YDR469W	0.9028571428571428
YDR473C	0.6780383795309168
YDR479C	0.5270758122743683
YDR482C	1
YDR493W	0.5365853658536586
YDR494W	0.5041551246537396
YDR003W	0.9666666666666668
YMR219W	0.930639324487334
YML034W	0.6103117505995204
YML117W	0.5740740740740741
YML114C	0.5215686274509804
YDR163W	1
YDR259C	0.8537859007832899
YDR014W-A	0.8641975308641975
YDR412W	0.902127659574468
YDR451C	0.7592067988668555
YDR393W	0.5942982456140351
YMR044W	0.6189473684210526
YMR086W	1
YMR014W	0.5741811175337187
YDR534C	0.8484848484848485
YMR114C	0.5190217391304348
YDR223W	0.6423982869379015
YDR229W	0.6048565121412803
YDR231C	0.6048780487804878
YMR030W	0.5957446808510638
YMR031C	0.9074733096085408
YDR348C	1
YDR273W	0.7095890410958904
YLR221C	0.5818181818181818
YLR238W	0.5188284518828452
YLR324W	0.5449330783938815
YLR187W	0.6228070175438597
YDR379W	0.645193260654113
YPR143W	0.636
YLR254C	0.5185185185185185
YDR330W	0.548
YLR387C	0.6550925925925926
YPR079W	0.5380577427821522
YDL121C	0.9261744966442952
YDL213C	0.9333333333333332
YLR019W	0.5239294710327456
YOL130W	0.5878928987194412
YOL144W	0.5475206611570248
YOR066W	1
YOR189W	1
YOR267C	0.5823451910408433
YOR382W	0.8496732026143791
YPL219W	0.5873983739837398
YOR091W	0.6347826086956522
YOR223W	0.565068493150685
YDR515W	0.6599552572706935
YLR051C	1
YPL230W	0.9974424552429668
YPL233W	0.5740740740740741
YPL150W	0.5638179800221975
YDR312W	0.5121412803532008
YOL054W	0.6748768472906403
YDR162C	0.8728813559322034
YOR279C	0.7354838709677419
YOL105C	0.7787769784172662
YOR009W	0.6036960985626283
YOR216C	0.7644628099173554
YDR171W	0.7893333333333333
YOR032C	0.6221198156682027
YOR308C	1
YDR169C	0.8421052631578947
YOR023C	0.6925795053003534
YPR008W	0.9639769452449568
YLL018C-A	0.6122448979591837
YBR058C-A	0.8625
YHR199C-A	1
YJR005C-A	1
YOR324C	0.7940199335548173
YLR065C	0.5138121546961326
YOR304C-A	1
YCR018C	0.6832579185520362
YDR471W	0.6102941176470589
YIL136W	1
YHR152W	0.5202312138728323
YOR188W	0.6728232189973615
YNL314W	0.5686274509803921
YIL119C	0.5626535626535627
YCL051W	0.9039451114922812
YCR016W	0.7034482758620689
YCR076C	0.616
YKR092C	0.955665024630542
YER132C	0.5869937250427838
YDL167C	0.5396383866481224
YCR024C-A	1
YDR085C	0.5935483870967742
YBL066C	0.6149825783972126
YKL105C	0.956713780918728
YMR179W	0.6530343007915568
YKL064W	0.672858617131063
YKL159C	0.5639810426540285
YKR046C	0.5335689045936396
YKR077W	0.975206611570248
YDR251W	0.54216867469879515
YBR016W	1
YBR045C	0.5868544600938967
YBR194W	0.975609756097561
YBR255W	0.659942363112392
YHL028W	0.7206611570247934
YHL008C	0.5869218500797448
YHR060W	0.5138121546961326
YHR087W	0.5675675675675675
YHR097C	1
YHR103W	0.5011737089201878
YHR136C	0.972972972972973
YHR156C	0.5470588235294118
YHR159W	1
YMR124W	0.9225874867444328
YER047C	0.6778149386845039
YER098W	0.5265251989389921
YEL007W	0.7282282282282282
YER054C	0.6478102189781022
YER158C	0.8551483420593369
YNL213C	0.8037383177570093
YIL045W	0.5576208178438662
YMR140W	0.6646216768916156
YMR144W	0.6228070175438597
YGR268C	0.5959595959595959
YIL158W	0.8382352941176471
YIL135C	0.9839449541284404
YIL093C	0.6022727272727273
YIL052C	0.5206611570247934
YIL044C	0.5536912751677853
YIL019W	1
YIR001C	0.788
YOR355W	0.8218390804597702
YFR016C	0.927007299270073
YFR017C	1
YFR048W	0.5996978851963746
YGL170C	0.7699757869249395
YJL170C	0.583732057416268
YJL162C	0.5077186963979416
YJL123C	0.694560669456067
YJL051W	0.7907542579075426
YJR134C	0.8741159830268741
YDR151C	0.5292307692307693
YMR161W	0.8080357142857143
YNL300W	0.5294117647058824
YGR249W	0.5921052631578947
YGL108C	1
YGL096W	0.8188405797101449
YGR130C	0.8223039215686274
YGR161C	0.9201520912547528
YGR165W	0.6086956521739131
YGR250C	0.5108834827144686
YMR016C	0.8687898089171975
YNR022C	0.5467625899280576
YNR028W	0.6396103896103896
YNR039C	0.5421487603305785
YNL245C	1
YNL234W	0.5164319248826291
YNL176C	0.6698113207547169
YNL175C	0.652605459057072
YNL173C	0.7650273224043715
YNL164C	0.6951566951566952
YNL133C	0.9710982658959536
YNL042W	0.8156565656565656
YDR525W-A	0.6455696202531646
YER056C-A	0.5206611570247934
YMR182C	0.7772511848341233
YPR005C	0.7142857142857143
YPL021W	0.6631016042780749
YPL105C	0.7502944640753828
YDR210W	1
YMR269W	1
YMR002W	0.8397435897435898
YMR123W	0.8934426229508197
YDR186C	0.6738882554161916
YML101C	1
YML006C	0.7131782945736435
YDR528W	0.5673758865248227
YDL189W	0.7724288840262582
YLR281C	1
YLR375W	0.7084548104956269
YPR115W	0.6491228070175439
YLR327C	1
YPR174C	0.7149321266968326
YPR083W	0.6442141623488774
YDL048C	0.7224489795918367
YDL053C	0.945945945945946
YDL123W	0.7214285714285714
YDL223C	1
YDL224C	0.8258859784283513
YLL038C	0.6275303643724697
YOL019W	0.6606170598911071
YOL028C	0.7591836734693878
YOR052C	0.52
YOR383C	0.7598039215686274
YPL186C	0.8256578947368421
YPL193W	0.7034120734908137
YOR104W	0.8794326241134752
YPR013C	0.7034700315457413
YPR042C	0.5125581395348837
YLR068W	1
YOR227W	0.5553772070626003
YDL012C	1
YDL173W	1
YDL133W	0.585812356979405
YDL082W	0.5477386934673367
YCL058W-A	1
YDR381C-A	0.5877192982456141
YLR262C-A	1
YOR020W-A	0.8222222222222222
YDR034W-B	1
YLR154W-C	0.7903225806451613
YPL159C	0.6679841897233202
YAL065C	0.7109375
YKL093W	0.8849557522123894
YCR043C	0.5275590551181102
YCR051W	0.6801801801801802
YAL034C	0.6440677966101694
YNL074C	0.9845132743362832
YFL010W-A	0.5851063829787234
YMR081C	0.772189349112426
YEL043W	0.5700836820083682
YEL033W	0.8992805755395683
YDR277C	0.5404157043879908
YKL050C	0.7603036876355749
YKL075C	0.5555555555555556
YKL023W	1
YKR041W	0.712
YKR045C	1
YCR087C-A	0.5359477124183006
YBL086C	0.6416309012875536
YBL043W	0.7937743190661478
YBL028C	1
YBR007C	0.7581521739130435
YBR071W	0.6113744075829384
YBR138C	0.5782442748091603
YBR148W	0.7044334975369458
YBR157C	0.8313725490196079
YBR197C	1
YBR203W	0.5292207792207793
YBR162W-A	0.8923076923076924
YHL043W	0.5117647058823529
YHL013C	0.5146579804560261
YHR127W	0.6090534979423868
YHR131C	0.5882352941176471
YHR177W	0.6666666666666666
YER048C	0.5294117647058824
YLR250W	0.5512820512820513
YER034W	1
YER079W	0.9857142857142858
YER084W	0.7109375
YNL208W	1
YMR136W	0.825
YIL127C	0.9902912621359224
YIL117C	0.8333333333333334
YIL077C	0.734375
YIR013C	0.6115702479338843
YOR077W	0.5646551724137931
YJL107C	0.8423772609819121
YFL067W	0.84
YGR196C	0.9130966952264382
YJL144W	1
YJL075C	0.6521739130434783
YJR012C	1
YJR056C	0.7372881355932204
YJR083C	0.970873786407767
YMR175W	1
YGL242C	0.6132596685082873
YGL230C	0.7414965986394558
YGR042W	0.6273062730627307
YNL058C	0.9651898734177216
YNL046W	0.5872093023255814
YDR068W	0.7774193548387097
YPL014W	0.5328083989501312
YER058W	0.8504672897196262
YPL062W	0.8880597014925373
YPL108W	0.5892857142857143
YPL107W	0.9596774193548387
YDR475C	0.776255707762557
YMR295C	1
YDR239C	0.8970775095298602
YDR525W	0.5321100917431193
YMR107W	1
YMR074C	0.5655172413793104
YDR219C	0.5870967741935483
YDR281C	0.9423076923076924
YLR219W	0.9986263736263736
YLR278C	0.6144668158090977
YLR297W	0.5581395348837209
YLR407W	0.7280701754385965
YLR257W	1
YLR271W	0.7883211678832117
YPR148C	0.6022988505747127
YDL129W	0.738831615120275
YDL218W	0.668769716088328
YOL007C	0.7712609970674487
YOL036W	0.8383705650459922
YOR183W	0.7674418604651163
YOR186W	0.6111111111111112
YOR235W	0.5096153846153846
YOR252W	0.7078651685393258
YPL199C	0.675
YPL223C	1
YOR220W	0.630188679245283
YDL039C	0.8825214899713467
YDR070C	1
YIL102C-A	0.5466666666666666
YLR363W-A	1
YER180C-A	0.9647058823529412
YER053C-A	0.8648648648648649
YDL085C-A	1
YMR122W-A	0.5476190476190477
YBL113C	0.5618686868686869
YBR126W-A	0.8088235294117647
YOR338W	0.5289256198347108
YER038W-A	0.6349206349206349
YBR056W-A	0.7727272727272727
YLR331C	0.552
YDR320W-B	1
YKL100W-A	0.5172413793103449
YMR013C-A	0.8775510204081632
YCL042W	0.9327731092436976
YDL169C	0.672645739910314
YKL063C	1
YBL081W	0.9103260869565216
YBL029W	0.5319148936170213
YAR064W	0.6565656565656566
YER121W	0.5877192982456141
YNL195C	1
YIL152W	0.5659574468085107
YIL055C	0.6283891547049442
YIR016W	0.7018867924528301
YFR035C	0.6578947368421053
YJL028W	0.5135135135135135
YJL007C	0.6153846153846154
YDL186W	0.8267148014440433
YGR237C	0.6318471337579618
YGL149W	0.5445544554455446
YGL034C	0.8099173553719008
YGR035C	1
YGR126W	1
YGR273C	0.6551724137931034
YNR014W	0.8207547169811321
YNL184C	0.7129629629629629
YNL050C	0.774074074074074
YNL034W	0.5245098039215687
YPL077C	0.925
YML119W	0.6750700280112045
YMR206W	0.8626198083067093
YML037C	0.8088235294117647
YMR317W	0.8473684210526315
YML053C	0.6792452830188679
YPR078C	0.793010752688172
YLR030W	0.7604562737642585
YDR029W	0.5192307692307693
YLR125W	1
YDL037C	0.5487804878048781
YOR015W	0.7058823529411765
YDR215C	0.7007299270072993
YOR097C	0.7314285714285714
YLR111W	0.6181818181818182
YPR015C	0.5991902834008097
YPR145C-A	0.6153846153846154
YLR146W-A	1
YDR461C-A	1
YLR412C-A	0.8382352941176471
YGL041C-B	1
YBR221W-A	1
YDR169C-A	0.5714285714285714
YLR361C-A	1
YIL046W-A	0.8518518518518519
YIL002W-A	1
YLL006W-A	0.9482758620689656
YBR196C-A	0.5306122448979592
YKL068W-A	0.6025641025641025
YFR012W-A	1
YLL066W-B	1
YHR213W-B	0.5656565656565656
YOL019W-A	0.66
YMR242W-A	1
YGL188C-A	0.5869565217391305
YAR035C-A	0.9230769230769232
YPL229W	0.8009708737864077
Q0297	1
